TechID,SizingID,BldgType,BldgVint,BldgLoc,BldgHVAC,tstat,normunit,numunits,measarea,kwh_tot,kwh_ltg,kwh_task,kwh_equip,kwh_htg,kwh_clg,kwh_twr,kwh_aux,kwh_vent,kwh_venthtg,kwh_ventclg,kwh_refg,kwh_hpsup,kwh_shw,kwh_ext,thm_tot,thm_equip,thm_htg,thm_shw,deskw_ltg,deskw_equ,lastmod
RB-dxAC_equip-spltAC-SEER-BA-rDXGF-NoLRM-AOE,None,MFm,Ex,CZ01,rDXGF,0,Area-ft2-BA,1024.1666666666667,24576,77357.53,14740.46,0,59678.04,0.0,1233.55,0,0,1705.48,0,0,0,0,0,0,6370.969965870307,486.92901023890784,763.2252559726962,5120.815699658703,1,1,2026-08-14 14:07:04.783494
RB-dxAC_equip-spltAC-SEER-BA-rDXGF-NoLRM-AOE,None,MFm,Ex,CZ02,rDXGF,0,Area-ft2-BA,1024.1666666666667,24576,84747.54999999999,14740.46,0,59678.04,0.0,6485.27,0,0,3843.78,0,0,0,0,0,0,6864.410580204777,486.92901023890784,1380.2976109215017,4997.183959044368,1,1,2026-08-14 14:07:04.783494
RB-dxAC_equip-spltAC-SEER-BA-rDXGF-NoLRM-AOE,None,MFm,Ex,CZ03,rDXGF,0,Area-ft2-BA,1024.1666666666667,24576,87748.12000000001,14740.46,0,59678.04,0.0,8446.13,0,0,4883.49,0,0,0,0,0,0,7029.848464163822,486.92901023890784,1526.2440273037541,5016.67542662116,1,1,2026-08-14 14:07:04.783494
RB-dxAC_equip-spltAC-SEER-BA-rDXGF-NoLRM-AOE,None,MFm,Ex,CZ04,rDXGF,0,Area-ft2-BA,1024.1666666666667,24576,97821.93999999999,14740.46,0,59678.04,0.0,15926.65,0,0,7476.79,0,0,0,0,0,0,7662.72866894198,486.92901023890784,2238.7071672354946,4937.092491467577,1,1,2026-08-14 14:07:04.783494
RB-dxAC_equip-spltAC-SEER-BA-rDXGF-NoLRM-AOE,None,MFm,Ex,CZ05,rDXGF,0,Area-ft2-BA,1024.1666666666667,24576,86811.41,14740.46,0,59678.04,0.0,7551.47,0,0,4841.44,0,0,0,0,0,0,7094.938566552902,486.92901023890784,1601.1334470989761,5006.876109215017,1,1,2026-08-14 14:07:04.783494
RB-dxAC_equip-spltAC-SEER-BA-rDXGF-NoLRM-AOE,None,MFm,Ex,CZ06,rDXGF,0,Area-ft2-BA,1024.1666666666667,24576,88334.04,14740.46,0,59678.04,0.0,9856.27,0,0,4059.27,0,0,0,0,0,0,6294.329351535836,486.92901023890784,865.876109215017,4941.524232081912,1,1,2026-08-14 14:07:04.783494
RB-dxAC_equip-spltAC-SEER-BA-rDXGF-NoLRM-AOE,None,MFm,Ex,CZ07,rDXGF,0,Area-ft2-BA,1024.1666666666667,24576,85568.87999999999,14740.46,0,59678.04,0.0,7876.3,0,0,3274.08,0,0,0,0,0,0,6125.814675767918,486.92901023890784,714.0648464163822,4924.820819112628,1,1,2026-08-14 14:07:04.783494
RB-dxAC_equip-spltAC-SEER-BA-rDXGF-NoLRM-AOE,None,MFm,Ex,CZ08,rDXGF,0,Area-ft2-BA,1024.1666666666667,24576,102492.65,14740.46,0,59678.04,0.0,21529.77,0,0,6544.38,0,0,0,0,0,0,6155.680546075086,486.92901023890784,772.1518771331058,4896.599658703071,1,1,2026-08-14 14:07:04.783494
RB-dxAC_equip-spltAC-SEER-BA-rDXGF-NoLRM-AOE,None,MFm,Ex,CZ09,rDXGF,0,Area-ft2-BA,1024.1666666666667,24576,103300.84,14740.46,0,59678.04,0.0,21252.68,0,0,7629.66,0,0,0,0,0,0,6844.252559726962,486.92901023890784,1466.3679180887373,4890.955631399317,1,1,2026-08-14 14:07:04.783494
RB-dxAC_equip-spltAC-SEER-BA-rDXGF-NoLRM-AOE,None,MFm,Ex,CZ10,rDXGF,0,Area-ft2-BA,1024.1666666666667,24576,102165.14000000001,14740.46,0,59678.04,0.0,21675.48,0,0,6071.16,0,0,0,0,0,0,6065.061433447098,486.92901023890784,688.7266211604095,4889.405802047781,1,1,2026-08-14 14:07:04.783494
RB-dxAC_equip-spltAC-SEER-BA-rDXGF-NoLRM-AOE,None,MFm,Ex,CZ11,rDXGF,0,Area-ft2-BA,1024.1666666666667,24576,113156.23999999999,14740.46,0,59678.04,0.0,30116.53,0,0,8621.21,0,0,0,0,0,0,6676.939931740615,486.92901023890784,1244.2170648464162,4945.79385665529,1,1,2026-08-14 14:07:04.783494
RB-dxAC_equip-spltAC-SEER-BA-rDXGF-NoLRM-AOE,None,MFm,Ex,CZ12,rDXGF,0,Area-ft2-BA,1024.1666666666667,24576,92787.77999999998,14740.46,0,59678.04,0.0,13276.08,0,0,5093.2,0,0,0,0,0,0,6651.350853242321,486.92901023890784,1218.7723549488053,4945.649488054607,1,1,2026-08-14 14:07:04.783494
RB-dxAC_equip-spltAC-SEER-BA-rDXGF-NoLRM-AOE,None,MFm,Ex,CZ13,rDXGF,0,Area-ft2-BA,1024.1666666666667,24576,125127.35999999999,14740.46,0,59678.04,0.0,38889.96,0,0,11818.9,0,0,0,0,0,0,7360.594539249146,486.92901023890784,1958.2730375426622,4915.392491467576,1,1,2026-08-14 14:07:04.783494
RB-dxAC_equip-spltAC-SEER-BA-rDXGF-NoLRM-AOE,None,MFm,Ex,CZ14,rDXGF,0,Area-ft2-BA,1024.1666666666667,24576,105747.54999999999,14740.46,0,59678.04,0.0,22964.93,0,0,8364.12,0,0,0,0,0,0,7191.678498293515,486.92901023890784,1799.3153583617748,4905.434129692832,1,1,2026-08-14 14:07:04.783494
RB-dxAC_equip-spltAC-SEER-BA-rDXGF-NoLRM-AOE,None,MFm,Ex,CZ15,rDXGF,0,Area-ft2-BA,1024.1666666666667,24576,157940.97,14740.46,0,59678.04,0.0,68624.34,0,0,14898.13,0,0,0,0,0,0,5842.878156996588,486.92901023890784,538.5969283276451,4817.352218430035,1,1,2026-08-14 14:07:04.783494
RB-dxAC_equip-spltAC-SEER-BA-rDXGF-NoLRM-AOE,None,MFm,Ex,CZ16,rDXGF,0,Area-ft2-BA,1024.1666666666667,24576,89694.65,14740.46,0,59678.04,0.0,8653.28,0,0,6622.87,0,0,0,0,0,0,7540.490102389078,486.92901023890784,2017.3604095563142,5036.200682593856,1,1,2026-08-14 14:07:04.783494
RB-dxHP_equip-spltHP-SEER-BA-rDXHP-NoLRM-AOE,None,MFm,Ex,CZ01,rDXHP,0,Area-ft2-BA,1024.1666666666667,24576,88976.91999999998,14740.46,0,59678.04,11961.62,1234.62,0,0,1362.18,0,0,0,0,0,0,5607.721843003413,486.92901023890784,0.0,5120.792832764505,1,1,2026-08-14 14:07:04.783494
RB-dxHP_equip-spltHP-SEER-BA-rDXHP-NoLRM-AOE,None,MFm,Ex,CZ02,rDXHP,0,Area-ft2-BA,1024.1666666666667,24576,102620.54999999999,14740.46,0,59678.04,18406.62,6503.78,0,0,3291.65,0,0,0,0,0,0,5484.340955631399,486.92901023890784,0.0,4997.411945392491,1,1,2026-08-14 14:07:04.783494
RB-dxHP_equip-spltHP-SEER-BA-rDXHP-NoLRM-AOE,None,MFm,Ex,CZ03,rDXHP,0,Area-ft2-BA,1024.1666666666667,24576,105338.76,14740.46,0,59678.04,18443.62,8455.93,0,0,4020.71,0,0,0,0,0,0,5503.6477815699645,486.92901023890784,0.0,5016.718771331058,1,1,2026-08-14 14:07:04.783494
RB-dxHP_equip-spltHP-SEER-BA-rDXHP-NoLRM-AOE,None,MFm,Ex,CZ04,rDXHP,0,Area-ft2-BA,1024.1666666666667,24576,125750.83,14740.46,0,59678.04,28929.63,15932.43,0,0,6470.27,0,0,0,0,0,0,5424.585324232081,486.92901023890784,0.0,4937.656313993173,1,1,2026-08-14 14:07:04.783494
RB-dxHP_equip-spltHP-SEER-BA-rDXHP-NoLRM-AOE,None,MFm,Ex,CZ05,rDXHP,0,Area-ft2-BA,1024.1666666666667,24576,105742.55,14740.46,0,59678.04,19687.35,7559.53,0,0,4077.17,0,0,0,0,0,0,5493.978156996587,486.92901023890784,0.0,5007.049146757679,1,1,2026-08-14 14:07:04.783494
RB-dxHP_equip-spltHP-SEER-BA-rDXHP-NoLRM-AOE,None,MFm,Ex,CZ06,rDXHP,0,Area-ft2-BA,1024.1666666666667,24576,98193.64,14740.46,0,59678.04,10221.94,9862.43,0,0,3690.77,0,0,0,0,0,0,5428.198293515358,486.92901023890784,0.0,4941.269283276451,1,1,2026-08-14 14:07:04.783494
RB-dxHP_equip-spltHP-SEER-BA-rDXHP-NoLRM-AOE,None,MFm,Ex,CZ07,rDXHP,0,Area-ft2-BA,1024.1666666666667,24576,93463.32999999999,14740.46,0,59678.04,8223.77,7877.5,0,0,2943.56,0,0,0,0,0,0,5411.789078498293,486.92901023890784,0.0,4924.860068259385,1,1,2026-08-14 14:07:04.783494
RB-dxHP_equip-spltHP-SEER-BA-rDXHP-NoLRM-AOE,None,MFm,Ex,CZ08,rDXHP,0,Area-ft2-BA,1024.1666666666667,24576,111617.13,14740.46,0,59678.04,9468.8,21537.11,0,0,6192.72,0,0,0,0,0,0,5383.62218430034,486.92901023890784,0.0,4896.693174061433,1,1,2026-08-14 14:07:04.783494
RB-dxHP_equip-spltHP-SEER-BA-rDXHP-NoLRM-AOE,None,MFm,Ex,CZ09,rDXHP,0,Area-ft2-BA,1024.1666666666667,24576,120303.29999999999,14740.46,0,59678.04,17739.65,21259.09,0,0,6886.06,0,0,0,0,0,0,5378.123208191126,486.92901023890784,0.0,4891.194197952218,1,1,2026-08-14 14:07:04.783494
RB-dxHP_equip-spltHP-SEER-BA-rDXHP-NoLRM-AOE,None,MFm,Ex,CZ10,rDXHP,0,Area-ft2-BA,1024.1666666666667,24576,110828.03,14740.46,0,59678.04,8993.37,21678.97,0,0,5737.19,0,0,0,0,0,0,5376.438225255972,486.92901023890784,0.0,4889.509215017065,1,1,2026-08-14 14:07:04.783494
RB-dxHP_equip-spltHP-SEER-BA-rDXHP-NoLRM-AOE,None,MFm,Ex,CZ11,rDXHP,0,Area-ft2-BA,1024.1666666666667,24576,128748.69999999998,14740.46,0,59678.04,16181.57,30116.54,0,0,8032.09,0,0,0,0,0,0,5433.0778156996585,486.92901023890784,0.0,4946.148805460751,1,1,2026-08-14 14:07:04.783494
RB-dxHP_equip-spltHP-SEER-BA-rDXHP-NoLRM-AOE,None,MFm,Ex,CZ12,rDXHP,0,Area-ft2-BA,1024.1666666666667,24576,108016.03,14740.46,0,59678.04,15787.49,13277.36,0,0,4532.68,0,0,0,0,0,0,5432.671672354949,486.92901023890784,0.0,4945.742662116041,1,1,2026-08-14 14:07:04.783494
RB-dxHP_equip-spltHP-SEER-BA-rDXHP-NoLRM-AOE,None,MFm,Ex,CZ13,rDXHP,0,Area-ft2-BA,1024.1666666666667,24576,148020.41999999998,14740.46,0,59678.04,23834.57,38892.61,0,0,10874.74,0,0,0,0,0,0,5402.922525597269,486.92901023890784,0.0,4915.993515358361,1,1,2026-08-14 14:07:04.783494
RB-dxHP_equip-spltHP-SEER-BA-rDXHP-NoLRM-AOE,None,MFm,Ex,CZ14,rDXHP,0,Area-ft2-BA,1024.1666666666667,24576,129069.40999999999,14740.46,0,59678.04,24215.75,22969.99,0,0,7465.17,0,0,0,0,0,0,5392.471672354948,486.92901023890784,0.0,4905.54266211604,1,1,2026-08-14 14:07:04.783494
RB-dxHP_equip-spltHP-SEER-BA-rDXHP-NoLRM-AOE,None,MFm,Ex,CZ15,rDXHP,0,Area-ft2-BA,1024.1666666666667,24576,164310.84,14740.46,0,59678.04,6625.83,68629.03,0,0,14637.48,0,0,0,0,0,0,5304.440273037541,486.92901023890784,0.0,4817.511262798635,1,1,2026-08-14 14:07:04.783494
RB-dxHP_equip-spltHP-SEER-BA-rDXHP-NoLRM-AOE,None,MFm,Ex,CZ16,rDXHP,0,Area-ft2-BA,1024.1666666666667,24576,118334.7,14740.46,0,59678.04,29809.46,8654.51,0,0,5452.23,0,0,0,0,0,0,5523.262116040955,486.92901023890784,0.0,5036.333105802048,1,1,2026-08-14 14:07:04.783494
RB-dxHP_equip-spltHP-SEER-BA-rDXHP-NoLRM-NC,None,MFm,Ex,CZ01,rDXHP,0,Area-ft2-BA,1024.1666666666667,24576,87209.69999999998,14740.46,0,59678.04,10315.1,1113.92,0,0,1362.18,0,0,0,0,0,0,5607.721843003413,486.92901023890784,0.0,5120.792832764505,1,1,2026-08-14 14:07:04.783494
RB-dxHP_equip-spltHP-SEER-BA-rDXHP-NoLRM-NC,None,MFm,Ex,CZ02,rDXHP,0,Area-ft2-BA,1024.1666666666667,24576,98909.01999999999,14740.46,0,59678.04,15330.94,5867.93,0,0,3291.65,0,0,0,0,0,0,5484.340955631399,486.92901023890784,0.0,4997.411945392491,1,1,2026-08-14 14:07:04.783494
RB-dxHP_equip-spltHP-SEER-BA-rDXHP-NoLRM-NC,None,MFm,Ex,CZ03,rDXHP,0,Area-ft2-BA,1024.1666666666667,24576,101043.72000000002,14740.46,0,59678.04,14975.28,7629.23,0,0,4020.71,0,0,0,0,0,0,5503.6477815699645,486.92901023890784,0.0,5016.718771331058,1,1,2026-08-14 14:07:04.783494
RB-dxHP_equip-spltHP-SEER-BA-rDXHP-NoLRM-NC,None,MFm,Ex,CZ04,rDXHP,0,Area-ft2-BA,1024.1666666666667,24576,118966.83,14740.46,0,59678.04,23703.27,14374.79,0,0,6470.27,0,0,0,0,0,0,5424.585324232081,486.92901023890784,0.0,4937.656313993173,1,1,2026-08-14 14:07:04.783494
RB-dxHP_equip-spltHP-SEER-BA-rDXHP-NoLRM-NC,None,MFm,Ex,CZ05,rDXHP,0,Area-ft2-BA,1024.1666666666667,24576,101356.80999999998,14740.46,0,59678.04,16040.67,6820.47,0,0,4077.17,0,0,0,0,0,0,5493.978156996587,486.92901023890784,0.0,5007.049146757679,1,1,2026-08-14 14:07:04.783494
RB-dxHP_equip-spltHP-SEER-BA-rDXHP-NoLRM-NC,None,MFm,Ex,CZ06,rDXHP,0,Area-ft2-BA,1024.1666666666667,24576,95177.74,14740.46,0,59678.04,8170.24,8898.23,0,0,3690.77,0,0,0,0,0,0,5428.198293515358,486.92901023890784,0.0,4941.269283276451,1,1,2026-08-14 14:07:04.783494
RB-dxHP_equip-spltHP-SEER-BA-rDXHP-NoLRM-NC,None,MFm,Ex,CZ07,rDXHP,0,Area-ft2-BA,1024.1666666666667,24576,91044.10999999999,14740.46,0,59678.04,6574.7,7107.35,0,0,2943.56,0,0,0,0,0,0,5411.789078498293,486.92901023890784,0.0,4924.860068259385,1,1,2026-08-14 14:07:04.783494
RB-dxHP_equip-spltHP-SEER-BA-rDXHP-NoLRM-NC,None,MFm,Ex,CZ08,rDXHP,0,Area-ft2-BA,1024.1666666666667,24576,107715.37,14740.46,0,59678.04,7672.62,19431.53,0,0,6192.72,0,0,0,0,0,0,5383.62218430034,486.92901023890784,0.0,4896.693174061433,1,1,2026-08-14 14:07:04.783494
RB-dxHP_equip-spltHP-SEER-BA-rDXHP-NoLRM-NC,None,MFm,Ex,CZ09,rDXHP,0,Area-ft2-BA,1024.1666666666667,24576,114767.03999999998,14740.46,0,59678.04,14281.79,19180.69,0,0,6886.06,0,0,0,0,0,0,5378.123208191126,486.92901023890784,0.0,4891.194197952218,1,1,2026-08-14 14:07:04.783494
RB-dxHP_equip-spltHP-SEER-BA-rDXHP-NoLRM-NC,None,MFm,Ex,CZ10,rDXHP,0,Area-ft2-BA,1024.1666666666667,24576,107100.64000000001,14740.46,0,59678.04,7385.43,19559.52,0,0,5737.19,0,0,0,0,0,0,5376.438225255972,486.92901023890784,0.0,4889.509215017065,1,1,2026-08-14 14:07:04.783494
RB-dxHP_equip-spltHP-SEER-BA-rDXHP-NoLRM-NC,None,MFm,Ex,CZ11,rDXHP,0,Area-ft2-BA,1024.1666666666667,24576,123041.03,14740.46,0,59678.04,13418.25,27172.19,0,0,8032.09,0,0,0,0,0,0,5433.0778156996585,486.92901023890784,0.0,4946.148805460751,1,1,2026-08-14 14:07:04.783494
RB-dxHP_equip-spltHP-SEER-BA-rDXHP-NoLRM-NC,None,MFm,Ex,CZ12,rDXHP,0,Area-ft2-BA,1024.1666666666667,24576,104006.06,14740.46,0,59678.04,13075.59,11979.29,0,0,4532.68,0,0,0,0,0,0,5432.671672354949,486.92901023890784,0.0,4945.742662116041,1,1,2026-08-14 14:07:04.783494
RB-dxHP_equip-spltHP-SEER-BA-rDXHP-NoLRM-NC,None,MFm,Ex,CZ13,rDXHP,0,Area-ft2-BA,1024.1666666666667,24576,139793.43999999997,14740.46,0,59678.04,19409.94,35090.26,0,0,10874.74,0,0,0,0,0,0,5402.922525597269,486.92901023890784,0.0,4915.993515358361,1,1,2026-08-14 14:07:04.783494
RB-dxHP_equip-spltHP-SEER-BA-rDXHP-NoLRM-NC,None,MFm,Ex,CZ14,rDXHP,0,Area-ft2-BA,1024.1666666666667,24576,122572.83999999998,14740.46,0,59678.04,19964.85,20724.32,0,0,7465.17,0,0,0,0,0,0,5392.471672354948,486.92901023890784,0.0,4905.54266211604,1,1,2026-08-14 14:07:04.783494
RB-dxHP_equip-spltHP-SEER-BA-rDXHP-NoLRM-NC,None,MFm,Ex,CZ15,rDXHP,0,Area-ft2-BA,1024.1666666666667,24576,156353.95,14740.46,0,59678.04,5378.48,61919.49,0,0,14637.48,0,0,0,0,0,0,5304.440273037541,486.92901023890784,0.0,4817.511262798635,1,1,2026-08-14 14:07:04.783494
RB-dxHP_equip-spltHP-SEER-BA-rDXHP-NoLRM-NC,None,MFm,Ex,CZ16,rDXHP,0,Area-ft2-BA,1024.1666666666667,24576,112908.92,14740.46,0,59678.04,25229.8,7808.39,0,0,5452.23,0,0,0,0,0,0,5523.262116040955,486.92901023890784,0.0,5036.333105802048,1,1,2026-08-14 14:07:04.783494
RB-dxHP_equip-spltHP-SEER-BA-rDXHP-NoLRM-NR,None,MFm,Ex,CZ01,rDXHP,0,Area-ft2-BA,1024.1666666666667,24576,87209.69999999998,14740.46,0,59678.04,10315.1,1113.92,0,0,1362.18,0,0,0,0,0,0,5607.721843003413,486.92901023890784,0.0,5120.792832764505,1,1,2026-08-14 14:07:04.783494
RB-dxHP_equip-spltHP-SEER-BA-rDXHP-NoLRM-NR,None,MFm,Ex,CZ02,rDXHP,0,Area-ft2-BA,1024.1666666666667,24576,98909.01999999999,14740.46,0,59678.04,15330.94,5867.93,0,0,3291.65,0,0,0,0,0,0,5484.340955631399,486.92901023890784,0.0,4997.411945392491,1,1,2026-08-14 14:07:04.783494
RB-dxHP_equip-spltHP-SEER-BA-rDXHP-NoLRM-NR,None,MFm,Ex,CZ03,rDXHP,0,Area-ft2-BA,1024.1666666666667,24576,101043.72000000002,14740.46,0,59678.04,14975.28,7629.23,0,0,4020.71,0,0,0,0,0,0,5503.6477815699645,486.92901023890784,0.0,5016.718771331058,1,1,2026-08-14 14:07:04.783494
RB-dxHP_equip-spltHP-SEER-BA-rDXHP-NoLRM-NR,None,MFm,Ex,CZ04,rDXHP,0,Area-ft2-BA,1024.1666666666667,24576,118966.83,14740.46,0,59678.04,23703.27,14374.79,0,0,6470.27,0,0,0,0,0,0,5424.585324232081,486.92901023890784,0.0,4937.656313993173,1,1,2026-08-14 14:07:04.783494
RB-dxHP_equip-spltHP-SEER-BA-rDXHP-NoLRM-NR,None,MFm,Ex,CZ05,rDXHP,0,Area-ft2-BA,1024.1666666666667,24576,101356.80999999998,14740.46,0,59678.04,16040.67,6820.47,0,0,4077.17,0,0,0,0,0,0,5493.978156996587,486.92901023890784,0.0,5007.049146757679,1,1,2026-08-14 14:07:04.783494
RB-dxHP_equip-spltHP-SEER-BA-rDXHP-NoLRM-NR,None,MFm,Ex,CZ06,rDXHP,0,Area-ft2-BA,1024.1666666666667,24576,95177.74,14740.46,0,59678.04,8170.24,8898.23,0,0,3690.77,0,0,0,0,0,0,5428.198293515358,486.92901023890784,0.0,4941.269283276451,1,1,2026-08-14 14:07:04.783494
RB-dxHP_equip-spltHP-SEER-BA-rDXHP-NoLRM-NR,None,MFm,Ex,CZ07,rDXHP,0,Area-ft2-BA,1024.1666666666667,24576,91044.10999999999,14740.46,0,59678.04,6574.7,7107.35,0,0,2943.56,0,0,0,0,0,0,5411.789078498293,486.92901023890784,0.0,4924.860068259385,1,1,2026-08-14 14:07:04.783494
RB-dxHP_equip-spltHP-SEER-BA-rDXHP-NoLRM-NR,None,MFm,Ex,CZ08,rDXHP,0,Area-ft2-BA,1024.1666666666667,24576,107715.37,14740.46,0,59678.04,7672.62,19431.53,0,0,6192.72,0,0,0,0,0,0,5383.62218430034,486.92901023890784,0.0,4896.693174061433,1,1,2026-08-14 14:07:04.783494
RB-dxHP_equip-spltHP-SEER-BA-rDXHP-NoLRM-NR,None,MFm,Ex,CZ09,rDXHP,0,Area-ft2-BA,1024.1666666666667,24576,114767.03999999998,14740.46,0,59678.04,14281.79,19180.69,0,0,6886.06,0,0,0,0,0,0,5378.123208191126,486.92901023890784,0.0,4891.194197952218,1,1,2026-08-14 14:07:04.783494
RB-dxHP_equip-spltHP-SEER-BA-rDXHP-NoLRM-NR,None,MFm,Ex,CZ10,rDXHP,0,Area-ft2-BA,1024.1666666666667,24576,107100.64000000001,14740.46,0,59678.04,7385.43,19559.52,0,0,5737.19,0,0,0,0,0,0,5376.438225255972,486.92901023890784,0.0,4889.509215017065,1,1,2026-08-14 14:07:04.783494
RB-dxHP_equip-spltHP-SEER-BA-rDXHP-NoLRM-NR,None,MFm,Ex,CZ11,rDXHP,0,Area-ft2-BA,1024.1666666666667,24576,123041.03,14740.46,0,59678.04,13418.25,27172.19,0,0,8032.09,0,0,0,0,0,0,5433.0778156996585,486.92901023890784,0.0,4946.148805460751,1,1,2026-08-14 14:07:04.783494
RB-dxHP_equip-spltHP-SEER-BA-rDXHP-NoLRM-NR,None,MFm,Ex,CZ12,rDXHP,0,Area-ft2-BA,1024.1666666666667,24576,104006.06,14740.46,0,59678.04,13075.59,11979.29,0,0,4532.68,0,0,0,0,0,0,5432.671672354949,486.92901023890784,0.0,4945.742662116041,1,1,2026-08-14 14:07:04.783494
RB-dxHP_equip-spltHP-SEER-BA-rDXHP-NoLRM-NR,None,MFm,Ex,CZ13,rDXHP,0,Area-ft2-BA,1024.1666666666667,24576,139793.43999999997,14740.46,0,59678.04,19409.94,35090.26,0,0,10874.74,0,0,0,0,0,0,5402.922525597269,486.92901023890784,0.0,4915.993515358361,1,1,2026-08-14 14:07:04.783494
RB-dxHP_equip-spltHP-SEER-BA-rDXHP-NoLRM-NR,None,MFm,Ex,CZ14,rDXHP,0,Area-ft2-BA,1024.1666666666667,24576,122572.83999999998,14740.46,0,59678.04,19964.85,20724.32,0,0,7465.17,0,0,0,0,0,0,5392.471672354948,486.92901023890784,0.0,4905.54266211604,1,1,2026-08-14 14:07:04.783494
RB-dxHP_equip-spltHP-SEER-BA-rDXHP-NoLRM-NR,None,MFm,Ex,CZ15,rDXHP,0,Area-ft2-BA,1024.1666666666667,24576,156353.95,14740.46,0,59678.04,5378.48,61919.49,0,0,14637.48,0,0,0,0,0,0,5304.440273037541,486.92901023890784,0.0,4817.511262798635,1,1,2026-08-14 14:07:04.783494
RB-dxHP_equip-spltHP-SEER-BA-rDXHP-NoLRM-NR,None,MFm,Ex,CZ16,rDXHP,0,Area-ft2-BA,1024.1666666666667,24576,112908.92,14740.46,0,59678.04,25229.8,7808.39,0,0,5452.23,0,0,0,0,0,0,5523.262116040955,486.92901023890784,0.0,5036.333105802048,1,1,2026-08-14 14:07:04.783494
RB-dxAC_equip-spltAC-SEER-BA-rDXGF-LRM-LSC-Correct-15%UC-AOE,None,MFm,Ex,CZ01,rDXGF,0,Area-ft2-BA,1024.1666666666667,24576,77027.46999999999,14740.46,0,59678.04,0.0,903.49,0,0,1705.48,0,0,0,0,0,0,6370.969965870307,486.92901023890784,763.2252559726962,5120.815699658703,1,1,2026-08-14 14:07:04.783494
RB-dxAC_equip-spltAC-SEER-BA-rDXGF-LRM-LSC-Correct-15%UC-AOE,None,MFm,Ex,CZ02,rDXGF,0,Area-ft2-BA,1024.1666666666667,24576,83012.28,14740.46,0,59678.04,0.0,4750.0,0,0,3843.78,0,0,0,0,0,0,6864.410580204777,486.92901023890784,1380.2976109215017,4997.183959044368,1,1,2026-08-14 14:07:04.783494
RB-dxAC_equip-spltAC-SEER-BA-rDXGF-LRM-LSC-Correct-15%UC-AOE,None,MFm,Ex,CZ03,rDXGF,0,Area-ft2-BA,1024.1666666666667,24576,85488.19000000002,14740.46,0,59678.04,0.0,6186.2,0,0,4883.49,0,0,0,0,0,0,7029.848464163822,486.92901023890784,1526.2440273037541,5016.67542662116,1,1,2026-08-14 14:07:04.783494
RB-dxAC_equip-spltAC-SEER-BA-rDXGF-LRM-LSC-Correct-15%UC-AOE,None,MFm,Ex,CZ04,rDXGF,0,Area-ft2-BA,1024.1666666666667,24576,93560.43999999999,14740.46,0,59678.04,0.0,11665.15,0,0,7476.79,0,0,0,0,0,0,7662.72866894198,486.92901023890784,2238.7071672354946,4937.092491467577,1,1,2026-08-14 14:07:04.783494
RB-dxAC_equip-spltAC-SEER-BA-rDXGF-LRM-LSC-Correct-15%UC-AOE,None,MFm,Ex,CZ05,rDXGF,0,Area-ft2-BA,1024.1666666666667,24576,84790.86,14740.46,0,59678.04,0.0,5530.92,0,0,4841.44,0,0,0,0,0,0,7094.938566552902,486.92901023890784,1601.1334470989761,5006.876109215017,1,1,2026-08-14 14:07:04.783494
RB-dxAC_equip-spltAC-SEER-BA-rDXGF-LRM-LSC-Correct-15%UC-AOE,None,MFm,Ex,CZ06,rDXGF,0,Area-ft2-BA,1024.1666666666667,24576,85696.8,14740.46,0,59678.04,0.0,7219.03,0,0,4059.27,0,0,0,0,0,0,6294.329351535836,486.92901023890784,865.876109215017,4941.524232081912,1,1,2026-08-14 14:07:04.783494
RB-dxAC_equip-spltAC-SEER-BA-rDXGF-LRM-LSC-Correct-15%UC-AOE,None,MFm,Ex,CZ07,rDXGF,0,Area-ft2-BA,1024.1666666666667,24576,83461.42,14740.46,0,59678.04,0.0,5768.84,0,0,3274.08,0,0,0,0,0,0,6125.814675767918,486.92901023890784,714.0648464163822,4924.820819112628,1,1,2026-08-14 14:07:04.783494
RB-dxAC_equip-spltAC-SEER-BA-rDXGF-LRM-LSC-Correct-15%UC-AOE,None,MFm,Ex,CZ08,rDXGF,0,Area-ft2-BA,1024.1666666666667,24576,96731.93,14740.46,0,59678.04,0.0,15769.05,0,0,6544.38,0,0,0,0,0,0,6155.680546075086,486.92901023890784,772.1518771331058,4896.599658703071,1,1,2026-08-14 14:07:04.783494
RB-dxAC_equip-spltAC-SEER-BA-rDXGF-LRM-LSC-Correct-15%UC-AOE,None,MFm,Ex,CZ09,rDXGF,0,Area-ft2-BA,1024.1666666666667,24576,97614.26000000001,14740.46,0,59678.04,0.0,15566.1,0,0,7629.66,0,0,0,0,0,0,6844.252559726962,486.92901023890784,1466.3679180887373,4890.955631399317,1,1,2026-08-14 14:07:04.783494
RB-dxAC_equip-spltAC-SEER-BA-rDXGF-LRM-LSC-Correct-15%UC-AOE,None,MFm,Ex,CZ10,rDXGF,0,Area-ft2-BA,1024.1666666666667,24576,96365.43,14740.46,0,59678.04,0.0,15875.77,0,0,6071.16,0,0,0,0,0,0,6065.061433447098,486.92901023890784,688.7266211604095,4889.405802047781,1,1,2026-08-14 14:07:04.783494
RB-dxAC_equip-spltAC-SEER-BA-rDXGF-LRM-LSC-Correct-15%UC-AOE,None,MFm,Ex,CZ11,rDXGF,0,Area-ft2-BA,1024.1666666666667,24576,105097.95999999999,14740.46,0,59678.04,0.0,22058.25,0,0,8621.21,0,0,0,0,0,0,6676.939931740615,486.92901023890784,1244.2170648464162,4945.79385665529,1,1,2026-08-14 14:07:04.783494
RB-dxAC_equip-spltAC-SEER-BA-rDXGF-LRM-LSC-Correct-15%UC-AOE,None,MFm,Ex,CZ12,rDXGF,0,Area-ft2-BA,1024.1666666666667,24576,89235.49999999999,14740.46,0,59678.04,0.0,9723.8,0,0,5093.2,0,0,0,0,0,0,6651.350853242321,486.92901023890784,1218.7723549488053,4945.649488054607,1,1,2026-08-14 14:07:04.783494
RB-dxAC_equip-spltAC-SEER-BA-rDXGF-LRM-LSC-Correct-15%UC-AOE,None,MFm,Ex,CZ13,rDXGF,0,Area-ft2-BA,1024.1666666666667,24576,114721.56999999998,14740.46,0,59678.04,0.0,28484.17,0,0,11818.9,0,0,0,0,0,0,7360.594539249146,486.92901023890784,1958.2730375426622,4915.392491467576,1,1,2026-08-14 14:07:04.783494
RB-dxAC_equip-spltAC-SEER-BA-rDXGF-LRM-LSC-Correct-15%UC-AOE,None,MFm,Ex,CZ14,rDXGF,0,Area-ft2-BA,1024.1666666666667,24576,99602.82,14740.46,0,59678.04,0.0,16820.2,0,0,8364.12,0,0,0,0,0,0,7191.678498293515,486.92901023890784,1799.3153583617748,4905.434129692832,1,1,2026-08-14 14:07:04.783494
RB-dxAC_equip-spltAC-SEER-BA-rDXGF-LRM-LSC-Correct-15%UC-AOE,None,MFm,Ex,CZ15,rDXGF,0,Area-ft2-BA,1024.1666666666667,24576,139579.16,14740.46,0,59678.04,0.0,50262.53,0,0,14898.13,0,0,0,0,0,0,5842.878156996588,486.92901023890784,538.5969283276451,4817.352218430035,1,1,2026-08-14 14:07:04.783494
RB-dxAC_equip-spltAC-SEER-BA-rDXGF-LRM-LSC-Correct-15%UC-AOE,None,MFm,Ex,CZ16,rDXGF,0,Area-ft2-BA,1024.1666666666667,24576,87379.29000000001,14740.46,0,59678.04,0.0,6337.92,0,0,6622.87,0,0,0,0,0,0,7540.490102389078,486.92901023890784,2017.3604095563142,5036.200682593856,1,1,2026-08-14 14:07:04.783494
RB-dxAC_equip-spltAC-SEER-BA-rDXGF-LRM-LSC-Correct-22.5%UC-AOE,None,MFm,Ex,CZ01,rDXGF,0,Area-ft2-BA,1024.1666666666667,24576,76862.43999999999,14740.46,0,59678.04,0.0,738.46,0,0,1705.48,0,0,0,0,0,0,6370.969965870307,486.92901023890784,763.2252559726962,5120.815699658703,1,1,2026-08-14 14:07:04.783494
RB-dxAC_equip-spltAC-SEER-BA-rDXGF-LRM-LSC-Correct-22.5%UC-AOE,None,MFm,Ex,CZ02,rDXGF,0,Area-ft2-BA,1024.1666666666667,24576,82144.65,14740.46,0,59678.04,0.0,3882.37,0,0,3843.78,0,0,0,0,0,0,6864.410580204777,486.92901023890784,1380.2976109215017,4997.183959044368,1,1,2026-08-14 14:07:04.783494
RB-dxAC_equip-spltAC-SEER-BA-rDXGF-LRM-LSC-Correct-22.5%UC-AOE,None,MFm,Ex,CZ03,rDXGF,0,Area-ft2-BA,1024.1666666666667,24576,84358.22000000002,14740.46,0,59678.04,0.0,5056.23,0,0,4883.49,0,0,0,0,0,0,7029.848464163822,486.92901023890784,1526.2440273037541,5016.67542662116,1,1,2026-08-14 14:07:04.783494
RB-dxAC_equip-spltAC-SEER-BA-rDXGF-LRM-LSC-Correct-22.5%UC-AOE,None,MFm,Ex,CZ04,rDXGF,0,Area-ft2-BA,1024.1666666666667,24576,91429.7,14740.46,0,59678.04,0.0,9534.41,0,0,7476.79,0,0,0,0,0,0,7662.72866894198,486.92901023890784,2238.7071672354946,4937.092491467577,1,1,2026-08-14 14:07:04.783494
RB-dxAC_equip-spltAC-SEER-BA-rDXGF-LRM-LSC-Correct-22.5%UC-AOE,None,MFm,Ex,CZ05,rDXGF,0,Area-ft2-BA,1024.1666666666667,24576,83780.59,14740.46,0,59678.04,0.0,4520.65,0,0,4841.44,0,0,0,0,0,0,7094.938566552902,486.92901023890784,1601.1334470989761,5006.876109215017,1,1,2026-08-14 14:07:04.783494
RB-dxAC_equip-spltAC-SEER-BA-rDXGF-LRM-LSC-Correct-22.5%UC-AOE,None,MFm,Ex,CZ06,rDXGF,0,Area-ft2-BA,1024.1666666666667,24576,84378.17,14740.46,0,59678.04,0.0,5900.4,0,0,4059.27,0,0,0,0,0,0,6294.329351535836,486.92901023890784,865.876109215017,4941.524232081912,1,1,2026-08-14 14:07:04.783494
RB-dxAC_equip-spltAC-SEER-BA-rDXGF-LRM-LSC-Correct-22.5%UC-AOE,None,MFm,Ex,CZ07,rDXGF,0,Area-ft2-BA,1024.1666666666667,24576,82407.69,14740.46,0,59678.04,0.0,4715.11,0,0,3274.08,0,0,0,0,0,0,6125.814675767918,486.92901023890784,714.0648464163822,4924.820819112628,1,1,2026-08-14 14:07:04.783494
RB-dxAC_equip-spltAC-SEER-BA-rDXGF-LRM-LSC-Correct-22.5%UC-AOE,None,MFm,Ex,CZ08,rDXGF,0,Area-ft2-BA,1024.1666666666667,24576,93851.57,14740.46,0,59678.04,0.0,12888.69,0,0,6544.38,0,0,0,0,0,0,6155.680546075086,486.92901023890784,772.1518771331058,4896.599658703071,1,1,2026-08-14 14:07:04.783494
RB-dxAC_equip-spltAC-SEER-BA-rDXGF-LRM-LSC-Correct-22.5%UC-AOE,None,MFm,Ex,CZ09,rDXGF,0,Area-ft2-BA,1024.1666666666667,24576,94770.97,14740.46,0,59678.04,0.0,12722.81,0,0,7629.66,0,0,0,0,0,0,6844.252559726962,486.92901023890784,1466.3679180887373,4890.955631399317,1,1,2026-08-14 14:07:04.783494
RB-dxAC_equip-spltAC-SEER-BA-rDXGF-LRM-LSC-Correct-22.5%UC-AOE,None,MFm,Ex,CZ10,rDXGF,0,Area-ft2-BA,1024.1666666666667,24576,93465.58000000002,14740.46,0,59678.04,0.0,12975.92,0,0,6071.16,0,0,0,0,0,0,6065.061433447098,486.92901023890784,688.7266211604095,4889.405802047781,1,1,2026-08-14 14:07:04.783494
RB-dxAC_equip-spltAC-SEER-BA-rDXGF-LRM-LSC-Correct-22.5%UC-AOE,None,MFm,Ex,CZ11,rDXGF,0,Area-ft2-BA,1024.1666666666667,24576,101068.81999999998,14740.46,0,59678.04,0.0,18029.11,0,0,8621.21,0,0,0,0,0,0,6676.939931740615,486.92901023890784,1244.2170648464162,4945.79385665529,1,1,2026-08-14 14:07:04.783494
RB-dxAC_equip-spltAC-SEER-BA-rDXGF-LRM-LSC-Correct-22.5%UC-AOE,None,MFm,Ex,CZ12,rDXGF,0,Area-ft2-BA,1024.1666666666667,24576,87459.36,14740.46,0,59678.04,0.0,7947.66,0,0,5093.2,0,0,0,0,0,0,6651.350853242321,486.92901023890784,1218.7723549488053,4945.649488054607,1,1,2026-08-14 14:07:04.783494
RB-dxAC_equip-spltAC-SEER-BA-rDXGF-LRM-LSC-Correct-22.5%UC-AOE,None,MFm,Ex,CZ13,rDXGF,0,Area-ft2-BA,1024.1666666666667,24576,109518.68,14740.46,0,59678.04,0.0,23281.28,0,0,11818.9,0,0,0,0,0,0,7360.594539249146,486.92901023890784,1958.2730375426622,4915.392491467576,1,1,2026-08-14 14:07:04.783494
RB-dxAC_equip-spltAC-SEER-BA-rDXGF-LRM-LSC-Correct-22.5%UC-AOE,None,MFm,Ex,CZ14,rDXGF,0,Area-ft2-BA,1024.1666666666667,24576,96530.45999999999,14740.46,0,59678.04,0.0,13747.84,0,0,8364.12,0,0,0,0,0,0,7191.678498293515,486.92901023890784,1799.3153583617748,4905.434129692832,1,1,2026-08-14 14:07:04.783494
RB-dxAC_equip-spltAC-SEER-BA-rDXGF-LRM-LSC-Correct-22.5%UC-AOE,None,MFm,Ex,CZ15,rDXGF,0,Area-ft2-BA,1024.1666666666667,24576,130398.25,14740.46,0,59678.04,0.0,41081.62,0,0,14898.13,0,0,0,0,0,0,5842.878156996588,486.92901023890784,538.5969283276451,4817.352218430035,1,1,2026-08-14 14:07:04.783494
RB-dxAC_equip-spltAC-SEER-BA-rDXGF-LRM-LSC-Correct-22.5%UC-AOE,None,MFm,Ex,CZ16,rDXGF,0,Area-ft2-BA,1024.1666666666667,24576,86221.60999999999,14740.46,0,59678.04,0.0,5180.24,0,0,6622.87,0,0,0,0,0,0,7540.490102389078,486.92901023890784,2017.3604095563142,5036.200682593856,1,1,2026-08-14 14:07:04.783494
RB-dxAC_equip-spltAC-SEER-BA-rDXGF-LRM-LSC-Correct-30%UC-AOE,None,MFm,Ex,CZ01,rDXGF,0,Area-ft2-BA,1024.1666666666667,24576,76697.40999999999,14740.46,0,59678.04,0.0,573.43,0,0,1705.48,0,0,0,0,0,0,6370.969965870307,486.92901023890784,763.2252559726962,5120.815699658703,1,1,2026-08-14 14:07:04.783494
RB-dxAC_equip-spltAC-SEER-BA-rDXGF-LRM-LSC-Correct-30%UC-AOE,None,MFm,Ex,CZ02,rDXGF,0,Area-ft2-BA,1024.1666666666667,24576,81277.01999999999,14740.46,0,59678.04,0.0,3014.74,0,0,3843.78,0,0,0,0,0,0,6864.410580204777,486.92901023890784,1380.2976109215017,4997.183959044368,1,1,2026-08-14 14:07:04.783494
RB-dxAC_equip-spltAC-SEER-BA-rDXGF-LRM-LSC-Correct-30%UC-AOE,None,MFm,Ex,CZ03,rDXGF,0,Area-ft2-BA,1024.1666666666667,24576,83228.26,14740.46,0,59678.04,0.0,3926.27,0,0,4883.49,0,0,0,0,0,0,7029.848464163822,486.92901023890784,1526.2440273037541,5016.67542662116,1,1,2026-08-14 14:07:04.783494
RB-dxAC_equip-spltAC-SEER-BA-rDXGF-LRM-LSC-Correct-30%UC-AOE,None,MFm,Ex,CZ04,rDXGF,0,Area-ft2-BA,1024.1666666666667,24576,89298.95,14740.46,0,59678.04,0.0,7403.66,0,0,7476.79,0,0,0,0,0,0,7662.72866894198,486.92901023890784,2238.7071672354946,4937.092491467577,1,1,2026-08-14 14:07:04.783494
RB-dxAC_equip-spltAC-SEER-BA-rDXGF-LRM-LSC-Correct-30%UC-AOE,None,MFm,Ex,CZ05,rDXGF,0,Area-ft2-BA,1024.1666666666667,24576,82770.32,14740.46,0,59678.04,0.0,3510.38,0,0,4841.44,0,0,0,0,0,0,7094.938566552902,486.92901023890784,1601.1334470989761,5006.876109215017,1,1,2026-08-14 14:07:04.783494
RB-dxAC_equip-spltAC-SEER-BA-rDXGF-LRM-LSC-Correct-30%UC-AOE,None,MFm,Ex,CZ06,rDXGF,0,Area-ft2-BA,1024.1666666666667,24576,83059.55,14740.46,0,59678.04,0.0,4581.78,0,0,4059.27,0,0,0,0,0,0,6294.329351535836,486.92901023890784,865.876109215017,4941.524232081912,1,1,2026-08-14 14:07:04.783494
RB-dxAC_equip-spltAC-SEER-BA-rDXGF-LRM-LSC-Correct-30%UC-AOE,None,MFm,Ex,CZ07,rDXGF,0,Area-ft2-BA,1024.1666666666667,24576,81353.96,14740.46,0,59678.04,0.0,3661.38,0,0,3274.08,0,0,0,0,0,0,6125.814675767918,486.92901023890784,714.0648464163822,4924.820819112628,1,1,2026-08-14 14:07:04.783494
RB-dxAC_equip-spltAC-SEER-BA-rDXGF-LRM-LSC-Correct-30%UC-AOE,None,MFm,Ex,CZ08,rDXGF,0,Area-ft2-BA,1024.1666666666667,24576,90971.20999999999,14740.46,0,59678.04,0.0,10008.33,0,0,6544.38,0,0,0,0,0,0,6155.680546075086,486.92901023890784,772.1518771331058,4896.599658703071,1,1,2026-08-14 14:07:04.783494
RB-dxAC_equip-spltAC-SEER-BA-rDXGF-LRM-LSC-Correct-30%UC-AOE,None,MFm,Ex,CZ09,rDXGF,0,Area-ft2-BA,1024.1666666666667,24576,91927.68,14740.46,0,59678.04,0.0,9879.52,0,0,7629.66,0,0,0,0,0,0,6844.252559726962,486.92901023890784,1466.3679180887373,4890.955631399317,1,1,2026-08-14 14:07:04.783494
RB-dxAC_equip-spltAC-SEER-BA-rDXGF-LRM-LSC-Correct-30%UC-AOE,None,MFm,Ex,CZ10,rDXGF,0,Area-ft2-BA,1024.1666666666667,24576,90565.72,14740.46,0,59678.04,0.0,10076.06,0,0,6071.16,0,0,0,0,0,0,6065.061433447098,486.92901023890784,688.7266211604095,4889.405802047781,1,1,2026-08-14 14:07:04.783494
RB-dxAC_equip-spltAC-SEER-BA-rDXGF-LRM-LSC-Correct-30%UC-AOE,None,MFm,Ex,CZ11,rDXGF,0,Area-ft2-BA,1024.1666666666667,24576,97039.68,14740.46,0,59678.04,0.0,13999.97,0,0,8621.21,0,0,0,0,0,0,6676.939931740615,486.92901023890784,1244.2170648464162,4945.79385665529,1,1,2026-08-14 14:07:04.783494
RB-dxAC_equip-spltAC-SEER-BA-rDXGF-LRM-LSC-Correct-30%UC-AOE,None,MFm,Ex,CZ12,rDXGF,0,Area-ft2-BA,1024.1666666666667,24576,85683.21999999999,14740.46,0,59678.04,0.0,6171.52,0,0,5093.2,0,0,0,0,0,0,6651.350853242321,486.92901023890784,1218.7723549488053,4945.649488054607,1,1,2026-08-14 14:07:04.783494
RB-dxAC_equip-spltAC-SEER-BA-rDXGF-LRM-LSC-Correct-30%UC-AOE,None,MFm,Ex,CZ13,rDXGF,0,Area-ft2-BA,1024.1666666666667,24576,104315.78,14740.46,0,59678.04,0.0,18078.38,0,0,11818.9,0,0,0,0,0,0,7360.594539249146,486.92901023890784,1958.2730375426622,4915.392491467576,1,1,2026-08-14 14:07:04.783494
RB-dxAC_equip-spltAC-SEER-BA-rDXGF-LRM-LSC-Correct-30%UC-AOE,None,MFm,Ex,CZ14,rDXGF,0,Area-ft2-BA,1024.1666666666667,24576,93458.1,14740.46,0,59678.04,0.0,10675.48,0,0,8364.12,0,0,0,0,0,0,7191.678498293515,486.92901023890784,1799.3153583617748,4905.434129692832,1,1,2026-08-14 14:07:04.783494
RB-dxAC_equip-spltAC-SEER-BA-rDXGF-LRM-LSC-Correct-30%UC-AOE,None,MFm,Ex,CZ15,rDXGF,0,Area-ft2-BA,1024.1666666666667,24576,121217.34,14740.46,0,59678.04,0.0,31900.71,0,0,14898.13,0,0,0,0,0,0,5842.878156996588,486.92901023890784,538.5969283276451,4817.352218430035,1,1,2026-08-14 14:07:04.783494
RB-dxAC_equip-spltAC-SEER-BA-rDXGF-LRM-LSC-Correct-30%UC-AOE,None,MFm,Ex,CZ16,rDXGF,0,Area-ft2-BA,1024.1666666666667,24576,85063.93,14740.46,0,59678.04,0.0,4022.56,0,0,6622.87,0,0,0,0,0,0,7540.490102389078,486.92901023890784,2017.3604095563142,5036.200682593856,1,1,2026-08-14 14:07:04.783494
RB-dxAC_equip-spltAC-SEER-BA-rDXGF-LRM-LSC-Correct-40%UC-AOE,None,MFm,Ex,CZ01,rDXGF,0,Area-ft2-BA,1024.1666666666667,24576,76477.37,14740.46,0,59678.04,0.0,353.39,0,0,1705.48,0,0,0,0,0,0,6370.969965870307,486.92901023890784,763.2252559726962,5120.815699658703,1,1,2026-08-14 14:07:04.783494
RB-dxAC_equip-spltAC-SEER-BA-rDXGF-LRM-LSC-Correct-40%UC-AOE,None,MFm,Ex,CZ02,rDXGF,0,Area-ft2-BA,1024.1666666666667,24576,80120.18,14740.46,0,59678.04,0.0,1857.9,0,0,3843.78,0,0,0,0,0,0,6864.410580204777,486.92901023890784,1380.2976109215017,4997.183959044368,1,1,2026-08-14 14:07:04.783494
RB-dxAC_equip-spltAC-SEER-BA-rDXGF-LRM-LSC-Correct-40%UC-AOE,None,MFm,Ex,CZ03,rDXGF,0,Area-ft2-BA,1024.1666666666667,24576,81721.64,14740.46,0,59678.04,0.0,2419.65,0,0,4883.49,0,0,0,0,0,0,7029.848464163822,486.92901023890784,1526.2440273037541,5016.67542662116,1,1,2026-08-14 14:07:04.783494
RB-dxAC_equip-spltAC-SEER-BA-rDXGF-LRM-LSC-Correct-40%UC-AOE,None,MFm,Ex,CZ04,rDXGF,0,Area-ft2-BA,1024.1666666666667,24576,86457.95999999999,14740.46,0,59678.04,0.0,4562.67,0,0,7476.79,0,0,0,0,0,0,7662.72866894198,486.92901023890784,2238.7071672354946,4937.092491467577,1,1,2026-08-14 14:07:04.783494
RB-dxAC_equip-spltAC-SEER-BA-rDXGF-LRM-LSC-Correct-40%UC-AOE,None,MFm,Ex,CZ05,rDXGF,0,Area-ft2-BA,1024.1666666666667,24576,81423.28,14740.46,0,59678.04,0.0,2163.34,0,0,4841.44,0,0,0,0,0,0,7094.938566552902,486.92901023890784,1601.1334470989761,5006.876109215017,1,1,2026-08-14 14:07:04.783494
RB-dxAC_equip-spltAC-SEER-BA-rDXGF-LRM-LSC-Correct-40%UC-AOE,None,MFm,Ex,CZ06,rDXGF,0,Area-ft2-BA,1024.1666666666667,24576,81301.39,14740.46,0,59678.04,0.0,2823.62,0,0,4059.27,0,0,0,0,0,0,6294.329351535836,486.92901023890784,865.876109215017,4941.524232081912,1,1,2026-08-14 14:07:04.783494
RB-dxAC_equip-spltAC-SEER-BA-rDXGF-LRM-LSC-Correct-40%UC-AOE,None,MFm,Ex,CZ07,rDXGF,0,Area-ft2-BA,1024.1666666666667,24576,79948.98,14740.46,0,59678.04,0.0,2256.4,0,0,3274.08,0,0,0,0,0,0,6125.814675767918,486.92901023890784,714.0648464163822,4924.820819112628,1,1,2026-08-14 14:07:04.783494
RB-dxAC_equip-spltAC-SEER-BA-rDXGF-LRM-LSC-Correct-40%UC-AOE,None,MFm,Ex,CZ08,rDXGF,0,Area-ft2-BA,1024.1666666666667,24576,87130.73000000001,14740.46,0,59678.04,0.0,6167.85,0,0,6544.38,0,0,0,0,0,0,6155.680546075086,486.92901023890784,772.1518771331058,4896.599658703071,1,1,2026-08-14 14:07:04.783494
RB-dxAC_equip-spltAC-SEER-BA-rDXGF-LRM-LSC-Correct-40%UC-AOE,None,MFm,Ex,CZ09,rDXGF,0,Area-ft2-BA,1024.1666666666667,24576,88136.63,14740.46,0,59678.04,0.0,6088.47,0,0,7629.66,0,0,0,0,0,0,6844.252559726962,486.92901023890784,1466.3679180887373,4890.955631399317,1,1,2026-08-14 14:07:04.783494
RB-dxAC_equip-spltAC-SEER-BA-rDXGF-LRM-LSC-Correct-40%UC-AOE,None,MFm,Ex,CZ10,rDXGF,0,Area-ft2-BA,1024.1666666666667,24576,86699.25,14740.46,0,59678.04,0.0,6209.59,0,0,6071.16,0,0,0,0,0,0,6065.061433447098,486.92901023890784,688.7266211604095,4889.405802047781,1,1,2026-08-14 14:07:04.783494
RB-dxAC_equip-spltAC-SEER-BA-rDXGF-LRM-LSC-Correct-40%UC-AOE,None,MFm,Ex,CZ11,rDXGF,0,Area-ft2-BA,1024.1666666666667,24576,91667.48999999999,14740.46,0,59678.04,0.0,8627.78,0,0,8621.21,0,0,0,0,0,0,6676.939931740615,486.92901023890784,1244.2170648464162,4945.79385665529,1,1,2026-08-14 14:07:04.783494
RB-dxAC_equip-spltAC-SEER-BA-rDXGF-LRM-LSC-Correct-40%UC-AOE,None,MFm,Ex,CZ12,rDXGF,0,Area-ft2-BA,1024.1666666666667,24576,83315.03,14740.46,0,59678.04,0.0,3803.33,0,0,5093.2,0,0,0,0,0,0,6651.350853242321,486.92901023890784,1218.7723549488053,4945.649488054607,1,1,2026-08-14 14:07:04.783494
RB-dxAC_equip-spltAC-SEER-BA-rDXGF-LRM-LSC-Correct-40%UC-AOE,None,MFm,Ex,CZ13,rDXGF,0,Area-ft2-BA,1024.1666666666667,24576,97378.59,14740.46,0,59678.04,0.0,11141.19,0,0,11818.9,0,0,0,0,0,0,7360.594539249146,486.92901023890784,1958.2730375426622,4915.392491467576,1,1,2026-08-14 14:07:04.783494
RB-dxAC_equip-spltAC-SEER-BA-rDXGF-LRM-LSC-Correct-40%UC-AOE,None,MFm,Ex,CZ14,rDXGF,0,Area-ft2-BA,1024.1666666666667,24576,89361.60999999999,14740.46,0,59678.04,0.0,6578.99,0,0,8364.12,0,0,0,0,0,0,7191.678498293515,486.92901023890784,1799.3153583617748,4905.434129692832,1,1,2026-08-14 14:07:04.783494
RB-dxAC_equip-spltAC-SEER-BA-rDXGF-LRM-LSC-Correct-40%UC-AOE,None,MFm,Ex,CZ15,rDXGF,0,Area-ft2-BA,1024.1666666666667,24576,108976.13,14740.46,0,59678.04,0.0,19659.5,0,0,14898.13,0,0,0,0,0,0,5842.878156996588,486.92901023890784,538.5969283276451,4817.352218430035,1,1,2026-08-14 14:07:04.783494
RB-dxAC_equip-spltAC-SEER-BA-rDXGF-LRM-LSC-Correct-40%UC-AOE,None,MFm,Ex,CZ16,rDXGF,0,Area-ft2-BA,1024.1666666666667,24576,83520.35999999999,14740.46,0,59678.04,0.0,2478.99,0,0,6622.87,0,0,0,0,0,0,7540.490102389078,486.92901023890784,2017.3604095563142,5036.200682593856,1,1,2026-08-14 14:07:04.783494
RB-dxAC_equip-spltAC-SEER-BA-rDXGF-LRM-LSC-Correct-7.5%UC-AOE,None,MFm,Ex,CZ01,rDXGF,0,Area-ft2-BA,1024.1666666666667,24576,77192.49999999999,14740.46,0,59678.04,0.0,1068.52,0,0,1705.48,0,0,0,0,0,0,6370.969965870307,486.92901023890784,763.2252559726962,5120.815699658703,1,1,2026-08-14 14:07:04.783494
RB-dxAC_equip-spltAC-SEER-BA-rDXGF-LRM-LSC-Correct-7.5%UC-AOE,None,MFm,Ex,CZ02,rDXGF,0,Area-ft2-BA,1024.1666666666667,24576,83879.91,14740.46,0,59678.04,0.0,5617.63,0,0,3843.78,0,0,0,0,0,0,6864.410580204777,486.92901023890784,1380.2976109215017,4997.183959044368,1,1,2026-08-14 14:07:04.783494
RB-dxAC_equip-spltAC-SEER-BA-rDXGF-LRM-LSC-Correct-7.5%UC-AOE,None,MFm,Ex,CZ03,rDXGF,0,Area-ft2-BA,1024.1666666666667,24576,86618.15000000001,14740.46,0,59678.04,0.0,7316.16,0,0,4883.49,0,0,0,0,0,0,7029.848464163822,486.92901023890784,1526.2440273037541,5016.67542662116,1,1,2026-08-14 14:07:04.783494
RB-dxAC_equip-spltAC-SEER-BA-rDXGF-LRM-LSC-Correct-7.5%UC-AOE,None,MFm,Ex,CZ04,rDXGF,0,Area-ft2-BA,1024.1666666666667,24576,95691.18999999999,14740.46,0,59678.04,0.0,13795.9,0,0,7476.79,0,0,0,0,0,0,7662.72866894198,486.92901023890784,2238.7071672354946,4937.092491467577,1,1,2026-08-14 14:07:04.783494
RB-dxAC_equip-spltAC-SEER-BA-rDXGF-LRM-LSC-Correct-7.5%UC-AOE,None,MFm,Ex,CZ05,rDXGF,0,Area-ft2-BA,1024.1666666666667,24576,85801.14000000001,14740.46,0,59678.04,0.0,6541.2,0,0,4841.44,0,0,0,0,0,0,7094.938566552902,486.92901023890784,1601.1334470989761,5006.876109215017,1,1,2026-08-14 14:07:04.783494
RB-dxAC_equip-spltAC-SEER-BA-rDXGF-LRM-LSC-Correct-7.5%UC-AOE,None,MFm,Ex,CZ06,rDXGF,0,Area-ft2-BA,1024.1666666666667,24576,87015.42,14740.46,0,59678.04,0.0,8537.65,0,0,4059.27,0,0,0,0,0,0,6294.329351535836,486.92901023890784,865.876109215017,4941.524232081912,1,1,2026-08-14 14:07:04.783494
RB-dxAC_equip-spltAC-SEER-BA-rDXGF-LRM-LSC-Correct-7.5%UC-AOE,None,MFm,Ex,CZ07,rDXGF,0,Area-ft2-BA,1024.1666666666667,24576,84515.15000000001,14740.46,0,59678.04,0.0,6822.57,0,0,3274.08,0,0,0,0,0,0,6125.814675767918,486.92901023890784,714.0648464163822,4924.820819112628,1,1,2026-08-14 14:07:04.783494
RB-dxAC_equip-spltAC-SEER-BA-rDXGF-LRM-LSC-Correct-7.5%UC-AOE,None,MFm,Ex,CZ08,rDXGF,0,Area-ft2-BA,1024.1666666666667,24576,99612.29000000001,14740.46,0,59678.04,0.0,18649.41,0,0,6544.38,0,0,0,0,0,0,6155.680546075086,486.92901023890784,772.1518771331058,4896.599658703071,1,1,2026-08-14 14:07:04.783494
RB-dxAC_equip-spltAC-SEER-BA-rDXGF-LRM-LSC-Correct-7.5%UC-AOE,None,MFm,Ex,CZ09,rDXGF,0,Area-ft2-BA,1024.1666666666667,24576,100457.54999999999,14740.46,0,59678.04,0.0,18409.39,0,0,7629.66,0,0,0,0,0,0,6844.252559726962,486.92901023890784,1466.3679180887373,4890.955631399317,1,1,2026-08-14 14:07:04.783494
RB-dxAC_equip-spltAC-SEER-BA-rDXGF-LRM-LSC-Correct-7.5%UC-AOE,None,MFm,Ex,CZ10,rDXGF,0,Area-ft2-BA,1024.1666666666667,24576,99265.29000000001,14740.46,0,59678.04,0.0,18775.63,0,0,6071.16,0,0,0,0,0,0,6065.061433447098,486.92901023890784,688.7266211604095,4889.405802047781,1,1,2026-08-14 14:07:04.783494
RB-dxAC_equip-spltAC-SEER-BA-rDXGF-LRM-LSC-Correct-7.5%UC-AOE,None,MFm,Ex,CZ11,rDXGF,0,Area-ft2-BA,1024.1666666666667,24576,109127.09999999998,14740.46,0,59678.04,0.0,26087.39,0,0,8621.21,0,0,0,0,0,0,6676.939931740615,486.92901023890784,1244.2170648464162,4945.79385665529,1,1,2026-08-14 14:07:04.783494
RB-dxAC_equip-spltAC-SEER-BA-rDXGF-LRM-LSC-Correct-7.5%UC-AOE,None,MFm,Ex,CZ12,rDXGF,0,Area-ft2-BA,1024.1666666666667,24576,91011.64,14740.46,0,59678.04,0.0,11499.94,0,0,5093.2,0,0,0,0,0,0,6651.350853242321,486.92901023890784,1218.7723549488053,4945.649488054607,1,1,2026-08-14 14:07:04.783494
RB-dxAC_equip-spltAC-SEER-BA-rDXGF-LRM-LSC-Correct-7.5%UC-AOE,None,MFm,Ex,CZ13,rDXGF,0,Area-ft2-BA,1024.1666666666667,24576,119924.45999999999,14740.46,0,59678.04,0.0,33687.06,0,0,11818.9,0,0,0,0,0,0,7360.594539249146,486.92901023890784,1958.2730375426622,4915.392491467576,1,1,2026-08-14 14:07:04.783494
RB-dxAC_equip-spltAC-SEER-BA-rDXGF-LRM-LSC-Correct-7.5%UC-AOE,None,MFm,Ex,CZ14,rDXGF,0,Area-ft2-BA,1024.1666666666667,24576,102675.19,14740.46,0,59678.04,0.0,19892.57,0,0,8364.12,0,0,0,0,0,0,7191.678498293515,486.92901023890784,1799.3153583617748,4905.434129692832,1,1,2026-08-14 14:07:04.783494
RB-dxAC_equip-spltAC-SEER-BA-rDXGF-LRM-LSC-Correct-7.5%UC-AOE,None,MFm,Ex,CZ15,rDXGF,0,Area-ft2-BA,1024.1666666666667,24576,148760.06,14740.46,0,59678.04,0.0,59443.43,0,0,14898.13,0,0,0,0,0,0,5842.878156996588,486.92901023890784,538.5969283276451,4817.352218430035,1,1,2026-08-14 14:07:04.783494
RB-dxAC_equip-spltAC-SEER-BA-rDXGF-LRM-LSC-Correct-7.5%UC-AOE,None,MFm,Ex,CZ16,rDXGF,0,Area-ft2-BA,1024.1666666666667,24576,88536.97,14740.46,0,59678.04,0.0,7495.6,0,0,6622.87,0,0,0,0,0,0,7540.490102389078,486.92901023890784,2017.3604095563142,5036.200682593856,1,1,2026-08-14 14:07:04.783494
RB-dxAC_equip-spltAC-SEER-BA-rDXGF-LRM-LSC-Correct-0%UC-AOE,None,MFm,Ex,CZ01,rDXGF,0,Area-ft2-BA,1024.1666666666667,24576,77240.90999999999,14740.46,0,59678.04,0.0,1116.93,0,0,1705.48,0,0,0,0,0,0,6370.969965870307,486.92901023890784,763.2252559726962,5120.815699658703,1,1,2026-08-14 14:07:04.783494
RB-dxAC_equip-spltAC-SEER-BA-rDXGF-LRM-LSC-Correct-0%UC-AOE,None,MFm,Ex,CZ02,rDXGF,0,Area-ft2-BA,1024.1666666666667,24576,84134.42000000001,14740.46,0,59678.04,0.0,5872.14,0,0,3843.78,0,0,0,0,0,0,6864.410580204777,486.92901023890784,1380.2976109215017,4997.183959044368,1,1,2026-08-14 14:07:04.783494
RB-dxAC_equip-spltAC-SEER-BA-rDXGF-LRM-LSC-Correct-0%UC-AOE,None,MFm,Ex,CZ03,rDXGF,0,Area-ft2-BA,1024.1666666666667,24576,86949.61,14740.46,0,59678.04,0.0,7647.62,0,0,4883.49,0,0,0,0,0,0,7029.848464163822,486.92901023890784,1526.2440273037541,5016.67542662116,1,1,2026-08-14 14:07:04.783494
RB-dxAC_equip-spltAC-SEER-BA-rDXGF-LRM-LSC-Correct-0%UC-AOE,None,MFm,Ex,CZ04,rDXGF,0,Area-ft2-BA,1024.1666666666667,24576,96316.21,14740.46,0,59678.04,0.0,14420.92,0,0,7476.79,0,0,0,0,0,0,7662.72866894198,486.92901023890784,2238.7071672354946,4937.092491467577,1,1,2026-08-14 14:07:04.783494
RB-dxAC_equip-spltAC-SEER-BA-rDXGF-LRM-LSC-Correct-0%UC-AOE,None,MFm,Ex,CZ05,rDXGF,0,Area-ft2-BA,1024.1666666666667,24576,86097.48000000001,14740.46,0,59678.04,0.0,6837.54,0,0,4841.44,0,0,0,0,0,0,7094.938566552902,486.92901023890784,1601.1334470989761,5006.876109215017,1,1,2026-08-14 14:07:04.783494
RB-dxAC_equip-spltAC-SEER-BA-rDXGF-LRM-LSC-Correct-0%UC-AOE,None,MFm,Ex,CZ06,rDXGF,0,Area-ft2-BA,1024.1666666666667,24576,87402.21,14740.46,0,59678.04,0.0,8924.44,0,0,4059.27,0,0,0,0,0,0,6294.329351535836,486.92901023890784,865.876109215017,4941.524232081912,1,1,2026-08-14 14:07:04.783494
RB-dxAC_equip-spltAC-SEER-BA-rDXGF-LRM-LSC-Correct-0%UC-AOE,None,MFm,Ex,CZ07,rDXGF,0,Area-ft2-BA,1024.1666666666667,24576,84824.24,14740.46,0,59678.04,0.0,7131.66,0,0,3274.08,0,0,0,0,0,0,6125.814675767918,486.92901023890784,714.0648464163822,4924.820819112628,1,1,2026-08-14 14:07:04.783494
RB-dxAC_equip-spltAC-SEER-BA-rDXGF-LRM-LSC-Correct-0%UC-AOE,None,MFm,Ex,CZ08,rDXGF,0,Area-ft2-BA,1024.1666666666667,24576,100457.19,14740.46,0,59678.04,0.0,19494.31,0,0,6544.38,0,0,0,0,0,0,6155.680546075086,486.92901023890784,772.1518771331058,4896.599658703071,1,1,2026-08-14 14:07:04.783494
RB-dxAC_equip-spltAC-SEER-BA-rDXGF-LRM-LSC-Correct-0%UC-AOE,None,MFm,Ex,CZ09,rDXGF,0,Area-ft2-BA,1024.1666666666667,24576,101291.57999999999,14740.46,0,59678.04,0.0,19243.42,0,0,7629.66,0,0,0,0,0,0,6844.252559726962,486.92901023890784,1466.3679180887373,4890.955631399317,1,1,2026-08-14 14:07:04.783494
RB-dxAC_equip-spltAC-SEER-BA-rDXGF-LRM-LSC-Correct-0%UC-AOE,None,MFm,Ex,CZ10,rDXGF,0,Area-ft2-BA,1024.1666666666667,24576,100115.91,14740.46,0,59678.04,0.0,19626.25,0,0,6071.16,0,0,0,0,0,0,6065.061433447098,486.92901023890784,688.7266211604095,4889.405802047781,1,1,2026-08-14 14:07:04.783494
RB-dxAC_equip-spltAC-SEER-BA-rDXGF-LRM-LSC-Correct-0%UC-AOE,None,MFm,Ex,CZ11,rDXGF,0,Area-ft2-BA,1024.1666666666667,24576,110308.97999999998,14740.46,0,59678.04,0.0,27269.27,0,0,8621.21,0,0,0,0,0,0,6676.939931740615,486.92901023890784,1244.2170648464162,4945.79385665529,1,1,2026-08-14 14:07:04.783494
RB-dxAC_equip-spltAC-SEER-BA-rDXGF-LRM-LSC-Correct-0%UC-AOE,None,MFm,Ex,CZ12,rDXGF,0,Area-ft2-BA,1024.1666666666667,24576,91532.64,14740.46,0,59678.04,0.0,12020.94,0,0,5093.2,0,0,0,0,0,0,6651.350853242321,486.92901023890784,1218.7723549488053,4945.649488054607,1,1,2026-08-14 14:07:04.783494
RB-dxAC_equip-spltAC-SEER-BA-rDXGF-LRM-LSC-Correct-0%UC-AOE,None,MFm,Ex,CZ13,rDXGF,0,Area-ft2-BA,1024.1666666666667,24576,121450.63999999998,14740.46,0,59678.04,0.0,35213.24,0,0,11818.9,0,0,0,0,0,0,7360.594539249146,486.92901023890784,1958.2730375426622,4915.392491467576,1,1,2026-08-14 14:07:04.783494
RB-dxAC_equip-spltAC-SEER-BA-rDXGF-LRM-LSC-Correct-0%UC-AOE,None,MFm,Ex,CZ14,rDXGF,0,Area-ft2-BA,1024.1666666666667,24576,103576.41,14740.46,0,59678.04,0.0,20793.79,0,0,8364.12,0,0,0,0,0,0,7191.678498293515,486.92901023890784,1799.3153583617748,4905.434129692832,1,1,2026-08-14 14:07:04.783494
RB-dxAC_equip-spltAC-SEER-BA-rDXGF-LRM-LSC-Correct-0%UC-AOE,None,MFm,Ex,CZ15,rDXGF,0,Area-ft2-BA,1024.1666666666667,24576,151453.13,14740.46,0,59678.04,0.0,62136.5,0,0,14898.13,0,0,0,0,0,0,5842.878156996588,486.92901023890784,538.5969283276451,4817.352218430035,1,1,2026-08-14 14:07:04.783494
RB-dxAC_equip-spltAC-SEER-BA-rDXGF-LRM-LSC-Correct-0%UC-AOE,None,MFm,Ex,CZ16,rDXGF,0,Area-ft2-BA,1024.1666666666667,24576,88876.54999999999,14740.46,0,59678.04,0.0,7835.18,0,0,6622.87,0,0,0,0,0,0,7540.490102389078,486.92901023890784,2017.3604095563142,5036.200682593856,1,1,2026-08-14 14:07:04.783494
RB-dxHP_equip-spltHP-SEER-BA-rDXHP-LRM-LSC-Correct-15%UC-AOE,None,MFm,Ex,CZ01,rDXHP,0,Area-ft2-BA,1024.1666666666667,24576,87753.28,14740.46,0,59678.04,11068.33,904.27,0,0,1362.18,0,0,0,0,0,0,5607.721843003413,486.92901023890784,0.0,5120.792832764505,1,1,2026-08-14 14:07:04.783494
RB-dxHP_equip-spltHP-SEER-BA-rDXHP-LRM-LSC-Correct-15%UC-AOE,None,MFm,Ex,CZ02,rDXHP,0,Area-ft2-BA,1024.1666666666667,24576,99211.68,14740.46,0,59678.04,16737.97,4763.56,0,0,3291.65,0,0,0,0,0,0,5484.340955631399,486.92901023890784,0.0,4997.411945392491,1,1,2026-08-14 14:07:04.783494
RB-dxHP_equip-spltHP-SEER-BA-rDXHP-LRM-LSC-Correct-15%UC-AOE,None,MFm,Ex,CZ03,rDXHP,0,Area-ft2-BA,1024.1666666666667,24576,101194.52,14740.46,0,59678.04,16561.94,6193.37,0,0,4020.71,0,0,0,0,0,0,5503.6477815699645,486.92901023890784,0.0,5016.718771331058,1,1,2026-08-14 14:07:04.783494
RB-dxHP_equip-spltHP-SEER-BA-rDXHP-LRM-LSC-Correct-15%UC-AOE,None,MFm,Ex,CZ04,rDXHP,0,Area-ft2-BA,1024.1666666666667,24576,118652.33,14740.46,0,59678.04,26094.17,11669.39,0,0,6470.27,0,0,0,0,0,0,5424.585324232081,486.92901023890784,0.0,4937.656313993173,1,1,2026-08-14 14:07:04.783494
RB-dxHP_equip-spltHP-SEER-BA-rDXHP-LRM-LSC-Correct-15%UC-AOE,None,MFm,Ex,CZ05,rDXHP,0,Area-ft2-BA,1024.1666666666667,24576,101741.40999999999,14740.46,0,59678.04,17708.91,5536.83,0,0,4077.17,0,0,0,0,0,0,5493.978156996587,486.92901023890784,0.0,5007.049146757679,1,1,2026-08-14 14:07:04.783494
RB-dxHP_equip-spltHP-SEER-BA-rDXHP-LRM-LSC-Correct-15%UC-AOE,None,MFm,Ex,CZ06,rDXHP,0,Area-ft2-BA,1024.1666666666667,24576,94441.64,14740.46,0,59678.04,9108.83,7223.54,0,0,3690.77,0,0,0,0,0,0,5428.198293515358,486.92901023890784,0.0,4941.269283276451,1,1,2026-08-14 14:07:04.783494
RB-dxHP_equip-spltHP-SEER-BA-rDXHP-LRM-LSC-Correct-15%UC-AOE,None,MFm,Ex,CZ07,rDXHP,0,Area-ft2-BA,1024.1666666666667,24576,90460.88,14740.46,0,59678.04,7329.1,5769.72,0,0,2943.56,0,0,0,0,0,0,5411.789078498293,486.92901023890784,0.0,4924.860068259385,1,1,2026-08-14 14:07:04.783494
RB-dxHP_equip-spltHP-SEER-BA-rDXHP-LRM-LSC-Correct-15%UC-AOE,None,MFm,Ex,CZ08,rDXHP,0,Area-ft2-BA,1024.1666666666667,24576,104879.97,14740.46,0,59678.04,8494.32,15774.43,0,0,6192.72,0,0,0,0,0,0,5383.62218430034,486.92901023890784,0.0,4896.693174061433,1,1,2026-08-14 14:07:04.783494
RB-dxHP_equip-spltHP-SEER-BA-rDXHP-LRM-LSC-Correct-15%UC-AOE,None,MFm,Ex,CZ09,rDXHP,0,Area-ft2-BA,1024.1666666666667,24576,112739.01000000001,14740.46,0,59678.04,15863.66,15570.79,0,0,6886.06,0,0,0,0,0,0,5378.123208191126,486.92901023890784,0.0,4891.194197952218,1,1,2026-08-14 14:07:04.783494
RB-dxHP_equip-spltHP-SEER-BA-rDXHP-LRM-LSC-Correct-15%UC-AOE,None,MFm,Ex,CZ10,rDXHP,0,Area-ft2-BA,1024.1666666666667,24576,104155.03,14740.46,0,59678.04,8121.01,15878.33,0,0,5737.19,0,0,0,0,0,0,5376.438225255972,486.92901023890784,0.0,4889.509215017065,1,1,2026-08-14 14:07:04.783494
RB-dxHP_equip-spltHP-SEER-BA-rDXHP-LRM-LSC-Correct-15%UC-AOE,None,MFm,Ex,CZ11,rDXHP,0,Area-ft2-BA,1024.1666666666667,24576,119191.23999999999,14740.46,0,59678.04,14682.39,22058.26,0,0,8032.09,0,0,0,0,0,0,5433.0778156996585,486.92901023890784,0.0,4946.148805460751,1,1,2026-08-14 14:07:04.783494
RB-dxHP_equip-spltHP-SEER-BA-rDXHP-LRM-LSC-Correct-15%UC-AOE,None,MFm,Ex,CZ12,rDXHP,0,Area-ft2-BA,1024.1666666666667,24576,102992.12,14740.46,0,59678.04,14316.2,9724.74,0,0,4532.68,0,0,0,0,0,0,5432.671672354949,486.92901023890784,0.0,4945.742662116041,1,1,2026-08-14 14:07:04.783494
RB-dxHP_equip-spltHP-SEER-BA-rDXHP-LRM-LSC-Correct-15%UC-AOE,None,MFm,Ex,CZ13,rDXHP,0,Area-ft2-BA,1024.1666666666667,24576,135213.41999999998,14740.46,0,59678.04,21434.07,28486.11,0,0,10874.74,0,0,0,0,0,0,5402.922525597269,486.92901023890784,0.0,4915.993515358361,1,1,2026-08-14 14:07:04.783494
RB-dxHP_equip-spltHP-SEER-BA-rDXHP-LRM-LSC-Correct-15%UC-AOE,None,MFm,Ex,CZ14,rDXHP,0,Area-ft2-BA,1024.1666666666667,24576,120617.08999999998,14740.46,0,59678.04,21909.51,16823.91,0,0,7465.17,0,0,0,0,0,0,5392.471672354948,486.92901023890784,0.0,4905.54266211604,1,1,2026-08-14 14:07:04.783494
RB-dxHP_equip-spltHP-SEER-BA-rDXHP-LRM-LSC-Correct-15%UC-AOE,None,MFm,Ex,CZ15,rDXHP,0,Area-ft2-BA,1024.1666666666667,24576,145271.04,14740.46,0,59678.04,5949.1,50265.96,0,0,14637.48,0,0,0,0,0,0,5304.440273037541,486.92901023890784,0.0,4817.511262798635,1,1,2026-08-14 14:07:04.783494
RB-dxHP_equip-spltHP-SEER-BA-rDXHP-LRM-LSC-Correct-15%UC-AOE,None,MFm,Ex,CZ16,rDXHP,0,Area-ft2-BA,1024.1666666666667,24576,113534.39999999998,14740.46,0,59678.04,27324.85,6338.82,0,0,5452.23,0,0,0,0,0,0,5523.262116040955,486.92901023890784,0.0,5036.333105802048,1,1,2026-08-14 14:07:04.783494
RB-dxHP_equip-spltHP-SEER-BA-rDXHP-LRM-LSC-Correct-22.5%UC-AOE,None,MFm,Ex,CZ01,rDXHP,0,Area-ft2-BA,1024.1666666666667,24576,87141.47,14740.46,0,59678.04,10621.69,739.1,0,0,1362.18,0,0,0,0,0,0,5607.721843003413,486.92901023890784,0.0,5120.792832764505,1,1,2026-08-14 14:07:04.783494
RB-dxHP_equip-spltHP-SEER-BA-rDXHP-LRM-LSC-Correct-22.5%UC-AOE,None,MFm,Ex,CZ02,rDXHP,0,Area-ft2-BA,1024.1666666666667,24576,97507.25,14740.46,0,59678.04,15903.65,3893.45,0,0,3291.65,0,0,0,0,0,0,5484.340955631399,486.92901023890784,0.0,4997.411945392491,1,1,2026-08-14 14:07:04.783494
RB-dxHP_equip-spltHP-SEER-BA-rDXHP-LRM-LSC-Correct-22.5%UC-AOE,None,MFm,Ex,CZ03,rDXHP,0,Area-ft2-BA,1024.1666666666667,24576,99122.41000000002,14740.46,0,59678.04,15621.1,5062.1,0,0,4020.71,0,0,0,0,0,0,5503.6477815699645,486.92901023890784,0.0,5016.718771331058,1,1,2026-08-14 14:07:04.783494
RB-dxHP_equip-spltHP-SEER-BA-rDXHP-LRM-LSC-Correct-22.5%UC-AOE,None,MFm,Ex,CZ04,rDXHP,0,Area-ft2-BA,1024.1666666666667,24576,115103.08,14740.46,0,59678.04,24676.44,9537.87,0,0,6470.27,0,0,0,0,0,0,5424.585324232081,486.92901023890784,0.0,4937.656313993173,1,1,2026-08-14 14:07:04.783494
RB-dxHP_equip-spltHP-SEER-BA-rDXHP-LRM-LSC-Correct-22.5%UC-AOE,None,MFm,Ex,CZ05,rDXHP,0,Area-ft2-BA,1024.1666666666667,24576,99740.84000000001,14740.46,0,59678.04,16719.7,4525.47,0,0,4077.17,0,0,0,0,0,0,5493.978156996587,486.92901023890784,0.0,5007.049146757679,1,1,2026-08-14 14:07:04.783494
RB-dxHP_equip-spltHP-SEER-BA-rDXHP-LRM-LSC-Correct-22.5%UC-AOE,None,MFm,Ex,CZ06,rDXHP,0,Area-ft2-BA,1024.1666666666667,24576,92565.65000000001,14740.46,0,59678.04,8552.28,5904.1,0,0,3690.77,0,0,0,0,0,0,5428.198293515358,486.92901023890784,0.0,4941.269283276451,1,1,2026-08-14 14:07:04.783494
RB-dxHP_equip-spltHP-SEER-BA-rDXHP-LRM-LSC-Correct-22.5%UC-AOE,None,MFm,Ex,CZ07,rDXHP,0,Area-ft2-BA,1024.1666666666667,24576,88959.65,14740.46,0,59678.04,6881.76,4715.83,0,0,2943.56,0,0,0,0,0,0,5411.789078498293,486.92901023890784,0.0,4924.860068259385,1,1,2026-08-14 14:07:04.783494
RB-dxHP_equip-spltHP-SEER-BA-rDXHP-LRM-LSC-Correct-22.5%UC-AOE,None,MFm,Ex,CZ08,rDXHP,0,Area-ft2-BA,1024.1666666666667,24576,101511.38,14740.46,0,59678.04,8007.08,12893.08,0,0,6192.72,0,0,0,0,0,0,5383.62218430034,486.92901023890784,0.0,4896.693174061433,1,1,2026-08-14 14:07:04.783494
RB-dxHP_equip-spltHP-SEER-BA-rDXHP-LRM-LSC-Correct-22.5%UC-AOE,None,MFm,Ex,CZ09,rDXHP,0,Area-ft2-BA,1024.1666666666667,24576,108956.87,14740.46,0,59678.04,14925.66,12726.65,0,0,6886.06,0,0,0,0,0,0,5378.123208191126,486.92901023890784,0.0,4891.194197952218,1,1,2026-08-14 14:07:04.783494
RB-dxHP_equip-spltHP-SEER-BA-rDXHP-LRM-LSC-Correct-22.5%UC-AOE,None,MFm,Ex,CZ10,rDXHP,0,Area-ft2-BA,1024.1666666666667,24576,100818.53,14740.46,0,59678.04,7684.83,12978.01,0,0,5737.19,0,0,0,0,0,0,5376.438225255972,486.92901023890784,0.0,4889.509215017065,1,1,2026-08-14 14:07:04.783494
RB-dxHP_equip-spltHP-SEER-BA-rDXHP-LRM-LSC-Correct-22.5%UC-AOE,None,MFm,Ex,CZ11,rDXHP,0,Area-ft2-BA,1024.1666666666667,24576,114412.5,14740.46,0,59678.04,13932.79,18029.12,0,0,8032.09,0,0,0,0,0,0,5433.0778156996585,486.92901023890784,0.0,4946.148805460751,1,1,2026-08-14 14:07:04.783494
RB-dxHP_equip-spltHP-SEER-BA-rDXHP-LRM-LSC-Correct-22.5%UC-AOE,None,MFm,Ex,CZ12,rDXHP,0,Area-ft2-BA,1024.1666666666667,24576,100480.16999999998,14740.46,0,59678.04,13580.56,7948.43,0,0,4532.68,0,0,0,0,0,0,5432.671672354949,486.92901023890784,0.0,4945.742662116041,1,1,2026-08-14 14:07:04.783494
RB-dxHP_equip-spltHP-SEER-BA-rDXHP-LRM-LSC-Correct-22.5%UC-AOE,None,MFm,Ex,CZ13,rDXHP,0,Area-ft2-BA,1024.1666666666667,24576,128809.93000000001,14740.46,0,59678.04,20233.83,23282.86,0,0,10874.74,0,0,0,0,0,0,5402.922525597269,486.92901023890784,0.0,4915.993515358361,1,1,2026-08-14 14:07:04.783494
RB-dxHP_equip-spltHP-SEER-BA-rDXHP-LRM-LSC-Correct-22.5%UC-AOE,None,MFm,Ex,CZ14,rDXHP,0,Area-ft2-BA,1024.1666666666667,24576,116390.93000000001,14740.46,0,59678.04,20756.39,13750.87,0,0,7465.17,0,0,0,0,0,0,5392.471672354948,486.92901023890784,0.0,4905.54266211604,1,1,2026-08-14 14:07:04.783494
RB-dxHP_equip-spltHP-SEER-BA-rDXHP-LRM-LSC-Correct-22.5%UC-AOE,None,MFm,Ex,CZ15,rDXHP,0,Area-ft2-BA,1024.1666666666667,24576,135751.14,14740.46,0,59678.04,5610.74,41084.42,0,0,14637.48,0,0,0,0,0,0,5304.440273037541,486.92901023890784,0.0,4817.511262798635,1,1,2026-08-14 14:07:04.783494
RB-dxHP_equip-spltHP-SEER-BA-rDXHP-LRM-LSC-Correct-22.5%UC-AOE,None,MFm,Ex,CZ16,rDXHP,0,Area-ft2-BA,1024.1666666666667,24576,111134.26,14740.46,0,59678.04,26082.55,5180.98,0,0,5452.23,0,0,0,0,0,0,5523.262116040955,486.92901023890784,0.0,5036.333105802048,1,1,2026-08-14 14:07:04.783494
RB-dxHP_equip-spltHP-SEER-BA-rDXHP-LRM-LSC-Correct-30%UC-AOE,None,MFm,Ex,CZ01,rDXHP,0,Area-ft2-BA,1024.1666666666667,24576,86529.65,14740.46,0,59678.04,10175.04,573.93,0,0,1362.18,0,0,0,0,0,0,5607.721843003413,486.92901023890784,0.0,5120.792832764505,1,1,2026-08-14 14:07:04.783494
RB-dxHP_equip-spltHP-SEER-BA-rDXHP-LRM-LSC-Correct-30%UC-AOE,None,MFm,Ex,CZ02,rDXHP,0,Area-ft2-BA,1024.1666666666667,24576,95802.81999999998,14740.46,0,59678.04,15069.32,3023.35,0,0,3291.65,0,0,0,0,0,0,5484.340955631399,486.92901023890784,0.0,4997.411945392491,1,1,2026-08-14 14:07:04.783494
RB-dxHP_equip-spltHP-SEER-BA-rDXHP-LRM-LSC-Correct-30%UC-AOE,None,MFm,Ex,CZ03,rDXHP,0,Area-ft2-BA,1024.1666666666667,24576,97050.29,14740.46,0,59678.04,14680.26,3930.82,0,0,4020.71,0,0,0,0,0,0,5503.6477815699645,486.92901023890784,0.0,5016.718771331058,1,1,2026-08-14 14:07:04.783494
RB-dxHP_equip-spltHP-SEER-BA-rDXHP-LRM-LSC-Correct-30%UC-AOE,None,MFm,Ex,CZ04,rDXHP,0,Area-ft2-BA,1024.1666666666667,24576,111553.83,14740.46,0,59678.04,23258.71,7406.35,0,0,6470.27,0,0,0,0,0,0,5424.585324232081,486.92901023890784,0.0,4937.656313993173,1,1,2026-08-14 14:07:04.783494
RB-dxHP_equip-spltHP-SEER-BA-rDXHP-LRM-LSC-Correct-30%UC-AOE,None,MFm,Ex,CZ05,rDXHP,0,Area-ft2-BA,1024.1666666666667,24576,97740.27,14740.46,0,59678.04,15730.48,3514.12,0,0,4077.17,0,0,0,0,0,0,5493.978156996587,486.92901023890784,0.0,5007.049146757679,1,1,2026-08-14 14:07:04.783494
RB-dxHP_equip-spltHP-SEER-BA-rDXHP-LRM-LSC-Correct-30%UC-AOE,None,MFm,Ex,CZ06,rDXHP,0,Area-ft2-BA,1024.1666666666667,24576,90689.64,14740.46,0,59678.04,7995.72,4584.65,0,0,3690.77,0,0,0,0,0,0,5428.198293515358,486.92901023890784,0.0,4941.269283276451,1,1,2026-08-14 14:07:04.783494
RB-dxHP_equip-spltHP-SEER-BA-rDXHP-LRM-LSC-Correct-30%UC-AOE,None,MFm,Ex,CZ07,rDXHP,0,Area-ft2-BA,1024.1666666666667,24576,87458.41999999998,14740.46,0,59678.04,6434.43,3661.93,0,0,2943.56,0,0,0,0,0,0,5411.789078498293,486.92901023890784,0.0,4924.860068259385,1,1,2026-08-14 14:07:04.783494
RB-dxHP_equip-spltHP-SEER-BA-rDXHP-LRM-LSC-Correct-30%UC-AOE,None,MFm,Ex,CZ08,rDXHP,0,Area-ft2-BA,1024.1666666666667,24576,98142.79999999999,14740.46,0,59678.04,7519.84,10011.74,0,0,6192.72,0,0,0,0,0,0,5383.62218430034,486.92901023890784,0.0,4896.693174061433,1,1,2026-08-14 14:07:04.783494
RB-dxHP_equip-spltHP-SEER-BA-rDXHP-LRM-LSC-Correct-30%UC-AOE,None,MFm,Ex,CZ09,rDXHP,0,Area-ft2-BA,1024.1666666666667,24576,105174.72999999998,14740.46,0,59678.04,13987.67,9882.5,0,0,6886.06,0,0,0,0,0,0,5378.123208191126,486.92901023890784,0.0,4891.194197952218,1,1,2026-08-14 14:07:04.783494
RB-dxHP_equip-spltHP-SEER-BA-rDXHP-LRM-LSC-Correct-30%UC-AOE,None,MFm,Ex,CZ10,rDXHP,0,Area-ft2-BA,1024.1666666666667,24576,97482.03,14740.46,0,59678.04,7248.65,10077.69,0,0,5737.19,0,0,0,0,0,0,5376.438225255972,486.92901023890784,0.0,4889.509215017065,1,1,2026-08-14 14:07:04.783494
RB-dxHP_equip-spltHP-SEER-BA-rDXHP-LRM-LSC-Correct-30%UC-AOE,None,MFm,Ex,CZ11,rDXHP,0,Area-ft2-BA,1024.1666666666667,24576,109633.75999999998,14740.46,0,59678.04,13183.2,13999.97,0,0,8032.09,0,0,0,0,0,0,5433.0778156996585,486.92901023890784,0.0,4946.148805460751,1,1,2026-08-14 14:07:04.783494
RB-dxHP_equip-spltHP-SEER-BA-rDXHP-LRM-LSC-Correct-30%UC-AOE,None,MFm,Ex,CZ12,rDXHP,0,Area-ft2-BA,1024.1666666666667,24576,97968.19999999998,14740.46,0,59678.04,12844.91,6172.11,0,0,4532.68,0,0,0,0,0,0,5432.671672354949,486.92901023890784,0.0,4945.742662116041,1,1,2026-08-14 14:07:04.783494
RB-dxHP_equip-spltHP-SEER-BA-rDXHP-LRM-LSC-Correct-30%UC-AOE,None,MFm,Ex,CZ13,rDXHP,0,Area-ft2-BA,1024.1666666666667,24576,122406.43999999999,14740.46,0,59678.04,19033.58,18079.62,0,0,10874.74,0,0,0,0,0,0,5402.922525597269,486.92901023890784,0.0,4915.993515358361,1,1,2026-08-14 14:07:04.783494
RB-dxHP_equip-spltHP-SEER-BA-rDXHP-LRM-LSC-Correct-30%UC-AOE,None,MFm,Ex,CZ14,rDXHP,0,Area-ft2-BA,1024.1666666666667,24576,112164.77,14740.46,0,59678.04,19603.27,10677.83,0,0,7465.17,0,0,0,0,0,0,5392.471672354948,486.92901023890784,0.0,4905.54266211604,1,1,2026-08-14 14:07:04.783494
RB-dxHP_equip-spltHP-SEER-BA-rDXHP-LRM-LSC-Correct-30%UC-AOE,None,MFm,Ex,CZ15,rDXHP,0,Area-ft2-BA,1024.1666666666667,24576,126231.24999999999,14740.46,0,59678.04,5272.38,31902.89,0,0,14637.48,0,0,0,0,0,0,5304.440273037541,486.92901023890784,0.0,4817.511262798635,1,1,2026-08-14 14:07:04.783494
RB-dxHP_equip-spltHP-SEER-BA-rDXHP-LRM-LSC-Correct-30%UC-AOE,None,MFm,Ex,CZ16,rDXHP,0,Area-ft2-BA,1024.1666666666667,24576,108734.11,14740.46,0,59678.04,24840.25,4023.13,0,0,5452.23,0,0,0,0,0,0,5523.262116040955,486.92901023890784,0.0,5036.333105802048,1,1,2026-08-14 14:07:04.783494
RB-dxHP_equip-spltHP-SEER-BA-rDXHP-LRM-LSC-Correct-40%UC-AOE,None,MFm,Ex,CZ01,rDXHP,0,Area-ft2-BA,1024.1666666666667,24576,85713.88999999998,14740.46,0,59678.04,9579.52,353.69,0,0,1362.18,0,0,0,0,0,0,5607.721843003413,486.92901023890784,0.0,5120.792832764505,1,1,2026-08-14 14:07:04.783494
RB-dxHP_equip-spltHP-SEER-BA-rDXHP-LRM-LSC-Correct-40%UC-AOE,None,MFm,Ex,CZ02,rDXHP,0,Area-ft2-BA,1024.1666666666667,24576,93530.23999999999,14740.46,0,59678.04,13956.89,1863.2,0,0,3291.65,0,0,0,0,0,0,5484.340955631399,486.92901023890784,0.0,4997.411945392491,1,1,2026-08-14 14:07:04.783494
RB-dxHP_equip-spltHP-SEER-BA-rDXHP-LRM-LSC-Correct-40%UC-AOE,None,MFm,Ex,CZ03,rDXHP,0,Area-ft2-BA,1024.1666666666667,24576,94287.47000000002,14740.46,0,59678.04,13425.81,2422.45,0,0,4020.71,0,0,0,0,0,0,5503.6477815699645,486.92901023890784,0.0,5016.718771331058,1,1,2026-08-14 14:07:04.783494
RB-dxHP_equip-spltHP-SEER-BA-rDXHP-LRM-LSC-Correct-40%UC-AOE,None,MFm,Ex,CZ04,rDXHP,0,Area-ft2-BA,1024.1666666666667,24576,106821.49,14740.46,0,59678.04,21368.4,4564.32,0,0,6470.27,0,0,0,0,0,0,5424.585324232081,486.92901023890784,0.0,4937.656313993173,1,1,2026-08-14 14:07:04.783494
RB-dxHP_equip-spltHP-SEER-BA-rDXHP-LRM-LSC-Correct-40%UC-AOE,None,MFm,Ex,CZ05,rDXHP,0,Area-ft2-BA,1024.1666666666667,24576,95072.84999999999,14740.46,0,59678.04,14411.53,2165.65,0,0,4077.17,0,0,0,0,0,0,5493.978156996587,486.92901023890784,0.0,5007.049146757679,1,1,2026-08-14 14:07:04.783494
RB-dxHP_equip-spltHP-SEER-BA-rDXHP-LRM-LSC-Correct-40%UC-AOE,None,MFm,Ex,CZ06,rDXHP,0,Area-ft2-BA,1024.1666666666667,24576,88188.31000000001,14740.46,0,59678.04,7253.65,2825.39,0,0,3690.77,0,0,0,0,0,0,5428.198293515358,486.92901023890784,0.0,4941.269283276451,1,1,2026-08-14 14:07:04.783494
RB-dxHP_equip-spltHP-SEER-BA-rDXHP-LRM-LSC-Correct-40%UC-AOE,None,MFm,Ex,CZ07,rDXHP,0,Area-ft2-BA,1024.1666666666667,24576,85456.79000000001,14740.46,0,59678.04,5837.98,2256.75,0,0,2943.56,0,0,0,0,0,0,5411.789078498293,486.92901023890784,0.0,4924.860068259385,1,1,2026-08-14 14:07:04.783494
RB-dxHP_equip-spltHP-SEER-BA-rDXHP-LRM-LSC-Correct-40%UC-AOE,None,MFm,Ex,CZ08,rDXHP,0,Area-ft2-BA,1024.1666666666667,24576,93651.35,14740.46,0,59678.04,6870.18,6169.95,0,0,6192.72,0,0,0,0,0,0,5383.62218430034,486.92901023890784,0.0,4896.693174061433,1,1,2026-08-14 14:07:04.783494
RB-dxHP_equip-spltHP-SEER-BA-rDXHP-LRM-LSC-Correct-40%UC-AOE,None,MFm,Ex,CZ09,rDXHP,0,Area-ft2-BA,1024.1666666666667,24576,100131.87,14740.46,0,59678.04,12737.01,6090.3,0,0,6886.06,0,0,0,0,0,0,5378.123208191126,486.92901023890784,0.0,4891.194197952218,1,1,2026-08-14 14:07:04.783494
RB-dxHP_equip-spltHP-SEER-BA-rDXHP-LRM-LSC-Correct-40%UC-AOE,None,MFm,Ex,CZ10,rDXHP,0,Area-ft2-BA,1024.1666666666667,24576,93033.36000000002,14740.46,0,59678.04,6667.08,6210.59,0,0,5737.19,0,0,0,0,0,0,5376.438225255972,486.92901023890784,0.0,4889.509215017065,1,1,2026-08-14 14:07:04.783494
RB-dxHP_equip-spltHP-SEER-BA-rDXHP-LRM-LSC-Correct-40%UC-AOE,None,MFm,Ex,CZ11,rDXHP,0,Area-ft2-BA,1024.1666666666667,24576,103262.12,14740.46,0,59678.04,12183.74,8627.79,0,0,8032.09,0,0,0,0,0,0,5433.0778156996585,486.92901023890784,0.0,4946.148805460751,1,1,2026-08-14 14:07:04.783494
RB-dxHP_equip-spltHP-SEER-BA-rDXHP-LRM-LSC-Correct-40%UC-AOE,None,MFm,Ex,CZ12,rDXHP,0,Area-ft2-BA,1024.1666666666667,24576,94618.94,14740.46,0,59678.04,11864.06,3803.7,0,0,4532.68,0,0,0,0,0,0,5432.671672354949,486.92901023890784,0.0,4945.742662116041,1,1,2026-08-14 14:07:04.783494
RB-dxHP_equip-spltHP-SEER-BA-rDXHP-LRM-LSC-Correct-40%UC-AOE,None,MFm,Ex,CZ13,rDXHP,0,Area-ft2-BA,1024.1666666666667,24576,113868.44000000002,14740.46,0,59678.04,17433.25,11141.95,0,0,10874.74,0,0,0,0,0,0,5402.922525597269,486.92901023890784,0.0,4915.993515358361,1,1,2026-08-14 14:07:04.783494
RB-dxHP_equip-spltHP-SEER-BA-rDXHP-LRM-LSC-Correct-40%UC-AOE,None,MFm,Ex,CZ14,rDXHP,0,Area-ft2-BA,1024.1666666666667,24576,106529.87999999999,14740.46,0,59678.04,18065.77,6580.44,0,0,7465.17,0,0,0,0,0,0,5392.471672354948,486.92901023890784,0.0,4905.54266211604,1,1,2026-08-14 14:07:04.783494
RB-dxHP_equip-spltHP-SEER-BA-rDXHP-LRM-LSC-Correct-40%UC-AOE,None,MFm,Ex,CZ15,rDXHP,0,Area-ft2-BA,1024.1666666666667,24576,113538.05,14740.46,0,59678.04,4821.23,19660.84,0,0,14637.48,0,0,0,0,0,0,5304.440273037541,486.92901023890784,0.0,4817.511262798635,1,1,2026-08-14 14:07:04.783494
RB-dxHP_equip-spltHP-SEER-BA-rDXHP-LRM-LSC-Correct-40%UC-AOE,None,MFm,Ex,CZ16,rDXHP,0,Area-ft2-BA,1024.1666666666667,24576,105533.92,14740.46,0,59678.04,23183.85,2479.34,0,0,5452.23,0,0,0,0,0,0,5523.262116040955,486.92901023890784,0.0,5036.333105802048,1,1,2026-08-14 14:07:04.783494
RB-dxHP_equip-spltHP-SEER-BA-rDXHP-LRM-LSC-Correct-7.5%UC-AOE,None,MFm,Ex,CZ01,rDXHP,0,Area-ft2-BA,1024.1666666666667,24576,88365.10999999999,14740.46,0,59678.04,11514.98,1069.45,0,0,1362.18,0,0,0,0,0,0,5607.721843003413,486.92901023890784,0.0,5120.792832764505,1,1,2026-08-14 14:07:04.783494
RB-dxHP_equip-spltHP-SEER-BA-rDXHP-LRM-LSC-Correct-7.5%UC-AOE,None,MFm,Ex,CZ02,rDXHP,0,Area-ft2-BA,1024.1666666666667,24576,100916.10999999999,14740.46,0,59678.04,17572.29,5633.67,0,0,3291.65,0,0,0,0,0,0,5484.340955631399,486.92901023890784,0.0,4997.411945392491,1,1,2026-08-14 14:07:04.783494
RB-dxHP_equip-spltHP-SEER-BA-rDXHP-LRM-LSC-Correct-7.5%UC-AOE,None,MFm,Ex,CZ03,rDXHP,0,Area-ft2-BA,1024.1666666666667,24576,103266.64,14740.46,0,59678.04,17502.78,7324.65,0,0,4020.71,0,0,0,0,0,0,5503.6477815699645,486.92901023890784,0.0,5016.718771331058,1,1,2026-08-14 14:07:04.783494
RB-dxHP_equip-spltHP-SEER-BA-rDXHP-LRM-LSC-Correct-7.5%UC-AOE,None,MFm,Ex,CZ04,rDXHP,0,Area-ft2-BA,1024.1666666666667,24576,122201.58,14740.46,0,59678.04,27511.9,13800.91,0,0,6470.27,0,0,0,0,0,0,5424.585324232081,486.92901023890784,0.0,4937.656313993173,1,1,2026-08-14 14:07:04.783494
RB-dxHP_equip-spltHP-SEER-BA-rDXHP-LRM-LSC-Correct-7.5%UC-AOE,None,MFm,Ex,CZ05,rDXHP,0,Area-ft2-BA,1024.1666666666667,24576,103741.98,14740.46,0,59678.04,18698.13,6548.18,0,0,4077.17,0,0,0,0,0,0,5493.978156996587,486.92901023890784,0.0,5007.049146757679,1,1,2026-08-14 14:07:04.783494
RB-dxHP_equip-spltHP-SEER-BA-rDXHP-LRM-LSC-Correct-7.5%UC-AOE,None,MFm,Ex,CZ06,rDXHP,0,Area-ft2-BA,1024.1666666666667,24576,96317.65000000001,14740.46,0,59678.04,9665.39,8542.99,0,0,3690.77,0,0,0,0,0,0,5428.198293515358,486.92901023890784,0.0,4941.269283276451,1,1,2026-08-14 14:07:04.783494
RB-dxHP_equip-spltHP-SEER-BA-rDXHP-LRM-LSC-Correct-7.5%UC-AOE,None,MFm,Ex,CZ07,rDXHP,0,Area-ft2-BA,1024.1666666666667,24576,91962.10999999999,14740.46,0,59678.04,7776.44,6823.61,0,0,2943.56,0,0,0,0,0,0,5411.789078498293,486.92901023890784,0.0,4924.860068259385,1,1,2026-08-14 14:07:04.783494
RB-dxHP_equip-spltHP-SEER-BA-rDXHP-LRM-LSC-Correct-7.5%UC-AOE,None,MFm,Ex,CZ08,rDXHP,0,Area-ft2-BA,1024.1666666666667,24576,108248.54999999999,14740.46,0,59678.04,8981.56,18655.77,0,0,6192.72,0,0,0,0,0,0,5383.62218430034,486.92901023890784,0.0,4896.693174061433,1,1,2026-08-14 14:07:04.783494
RB-dxHP_equip-spltHP-SEER-BA-rDXHP-LRM-LSC-Correct-7.5%UC-AOE,None,MFm,Ex,CZ09,rDXHP,0,Area-ft2-BA,1024.1666666666667,24576,116521.15,14740.46,0,59678.04,16801.65,18414.94,0,0,6886.06,0,0,0,0,0,0,5378.123208191126,486.92901023890784,0.0,4891.194197952218,1,1,2026-08-14 14:07:04.783494
RB-dxHP_equip-spltHP-SEER-BA-rDXHP-LRM-LSC-Correct-7.5%UC-AOE,None,MFm,Ex,CZ10,rDXHP,0,Area-ft2-BA,1024.1666666666667,24576,107491.53,14740.46,0,59678.04,8557.19,18778.65,0,0,5737.19,0,0,0,0,0,0,5376.438225255972,486.92901023890784,0.0,4889.509215017065,1,1,2026-08-14 14:07:04.783494
RB-dxHP_equip-spltHP-SEER-BA-rDXHP-LRM-LSC-Correct-7.5%UC-AOE,None,MFm,Ex,CZ11,rDXHP,0,Area-ft2-BA,1024.1666666666667,24576,123969.97,14740.46,0,59678.04,15431.98,26087.4,0,0,8032.09,0,0,0,0,0,0,5433.0778156996585,486.92901023890784,0.0,4946.148805460751,1,1,2026-08-14 14:07:04.783494
RB-dxHP_equip-spltHP-SEER-BA-rDXHP-LRM-LSC-Correct-7.5%UC-AOE,None,MFm,Ex,CZ12,rDXHP,0,Area-ft2-BA,1024.1666666666667,24576,105504.06999999998,14740.46,0,59678.04,15051.84,11501.05,0,0,4532.68,0,0,0,0,0,0,5432.671672354949,486.92901023890784,0.0,4945.742662116041,1,1,2026-08-14 14:07:04.783494
RB-dxHP_equip-spltHP-SEER-BA-rDXHP-LRM-LSC-Correct-7.5%UC-AOE,None,MFm,Ex,CZ13,rDXHP,0,Area-ft2-BA,1024.1666666666667,24576,141616.91999999998,14740.46,0,59678.04,22634.32,33689.36,0,0,10874.74,0,0,0,0,0,0,5402.922525597269,486.92901023890784,0.0,4915.993515358361,1,1,2026-08-14 14:07:04.783494
RB-dxHP_equip-spltHP-SEER-BA-rDXHP-LRM-LSC-Correct-7.5%UC-AOE,None,MFm,Ex,CZ14,rDXHP,0,Area-ft2-BA,1024.1666666666667,24576,124843.24999999999,14740.46,0,59678.04,23062.63,19896.95,0,0,7465.17,0,0,0,0,0,0,5392.471672354948,486.92901023890784,0.0,4905.54266211604,1,1,2026-08-14 14:07:04.783494
RB-dxHP_equip-spltHP-SEER-BA-rDXHP-LRM-LSC-Correct-7.5%UC-AOE,None,MFm,Ex,CZ15,rDXHP,0,Area-ft2-BA,1024.1666666666667,24576,154790.94,14740.46,0,59678.04,6287.47,59447.49,0,0,14637.48,0,0,0,0,0,0,5304.440273037541,486.92901023890784,0.0,4817.511262798635,1,1,2026-08-14 14:07:04.783494
RB-dxHP_equip-spltHP-SEER-BA-rDXHP-LRM-LSC-Correct-7.5%UC-AOE,None,MFm,Ex,CZ16,rDXHP,0,Area-ft2-BA,1024.1666666666667,24576,115934.54,14740.46,0,59678.04,28567.15,7496.66,0,0,5452.23,0,0,0,0,0,0,5523.262116040955,486.92901023890784,0.0,5036.333105802048,1,1,2026-08-14 14:07:04.783494
RB-dxHP_equip-spltHP-SEER-BA-rDXHP-LRM-LSC-Correct-0%UC-AOE,None,MFm,Ex,CZ01,rDXHP,0,Area-ft2-BA,1024.1666666666667,24576,88544.56999999998,14740.46,0,59678.04,11645.99,1117.9,0,0,1362.18,0,0,0,0,0,0,5607.721843003413,486.92901023890784,0.0,5120.792832764505,1,1,2026-08-14 14:07:04.783494
RB-dxHP_equip-spltHP-SEER-BA-rDXHP-LRM-LSC-Correct-0%UC-AOE,None,MFm,Ex,CZ02,rDXHP,0,Area-ft2-BA,1024.1666666666667,24576,101416.07999999999,14740.46,0,59678.04,17817.03,5888.9,0,0,3291.65,0,0,0,0,0,0,5484.340955631399,486.92901023890784,0.0,4997.411945392491,1,1,2026-08-14 14:07:04.783494
RB-dxHP_equip-spltHP-SEER-BA-rDXHP-LRM-LSC-Correct-0%UC-AOE,None,MFm,Ex,CZ03,rDXHP,0,Area-ft2-BA,1024.1666666666667,24576,103874.46,14740.46,0,59678.04,17778.76,7656.49,0,0,4020.71,0,0,0,0,0,0,5503.6477815699645,486.92901023890784,0.0,5016.718771331058,1,1,2026-08-14 14:07:04.783494
RB-dxHP_equip-spltHP-SEER-BA-rDXHP-LRM-LSC-Correct-0%UC-AOE,None,MFm,Ex,CZ04,rDXHP,0,Area-ft2-BA,1024.1666666666667,24576,123242.7,14740.46,0,59678.04,27927.77,14426.16,0,0,6470.27,0,0,0,0,0,0,5424.585324232081,486.92901023890784,0.0,4937.656313993173,1,1,2026-08-14 14:07:04.783494
RB-dxHP_equip-spltHP-SEER-BA-rDXHP-LRM-LSC-Correct-0%UC-AOE,None,MFm,Ex,CZ05,rDXHP,0,Area-ft2-BA,1024.1666666666667,24576,104328.80999999998,14740.46,0,59678.04,18988.3,6844.84,0,0,4077.17,0,0,0,0,0,0,5493.978156996587,486.92901023890784,0.0,5007.049146757679,1,1,2026-08-14 14:07:04.783494
RB-dxHP_equip-spltHP-SEER-BA-rDXHP-LRM-LSC-Correct-0%UC-AOE,None,MFm,Ex,CZ06,rDXHP,0,Area-ft2-BA,1024.1666666666667,24576,96867.93000000001,14740.46,0,59678.04,9828.64,8930.02,0,0,3690.77,0,0,0,0,0,0,5428.198293515358,486.92901023890784,0.0,4941.269283276451,1,1,2026-08-14 14:07:04.783494
RB-dxHP_equip-spltHP-SEER-BA-rDXHP-LRM-LSC-Correct-0%UC-AOE,None,MFm,Ex,CZ07,rDXHP,0,Area-ft2-BA,1024.1666666666667,24576,92402.47,14740.46,0,59678.04,7907.66,7132.75,0,0,2943.56,0,0,0,0,0,0,5411.789078498293,486.92901023890784,0.0,4924.860068259385,1,1,2026-08-14 14:07:04.783494
RB-dxHP_equip-spltHP-SEER-BA-rDXHP-LRM-LSC-Correct-0%UC-AOE,None,MFm,Ex,CZ08,rDXHP,0,Area-ft2-BA,1024.1666666666667,24576,109236.66,14740.46,0,59678.04,9124.48,19500.96,0,0,6192.72,0,0,0,0,0,0,5383.62218430034,486.92901023890784,0.0,4896.693174061433,1,1,2026-08-14 14:07:04.783494
RB-dxHP_equip-spltHP-SEER-BA-rDXHP-LRM-LSC-Correct-0%UC-AOE,None,MFm,Ex,CZ09,rDXHP,0,Area-ft2-BA,1024.1666666666667,24576,117630.57999999999,14740.46,0,59678.04,17076.8,19249.22,0,0,6886.06,0,0,0,0,0,0,5378.123208191126,486.92901023890784,0.0,4891.194197952218,1,1,2026-08-14 14:07:04.783494
RB-dxHP_equip-spltHP-SEER-BA-rDXHP-LRM-LSC-Correct-0%UC-AOE,None,MFm,Ex,CZ10,rDXHP,0,Area-ft2-BA,1024.1666666666667,24576,108470.23999999999,14740.46,0,59678.04,8685.14,19629.41,0,0,5737.19,0,0,0,0,0,0,5376.438225255972,486.92901023890784,0.0,4889.509215017065,1,1,2026-08-14 14:07:04.783494
RB-dxHP_equip-spltHP-SEER-BA-rDXHP-LRM-LSC-Correct-0%UC-AOE,None,MFm,Ex,CZ11,rDXHP,0,Area-ft2-BA,1024.1666666666667,24576,125371.72999999998,14740.46,0,59678.04,15651.86,27269.28,0,0,8032.09,0,0,0,0,0,0,5433.0778156996585,486.92901023890784,0.0,4946.148805460751,1,1,2026-08-14 14:07:04.783494
RB-dxHP_equip-spltHP-SEER-BA-rDXHP-LRM-LSC-Correct-0%UC-AOE,None,MFm,Ex,CZ12,rDXHP,0,Area-ft2-BA,1024.1666666666667,24576,106240.91,14740.46,0,59678.04,15267.63,12022.1,0,0,4532.68,0,0,0,0,0,0,5432.671672354949,486.92901023890784,0.0,4945.742662116041,1,1,2026-08-14 14:07:04.783494
RB-dxHP_equip-spltHP-SEER-BA-rDXHP-LRM-LSC-Correct-0%UC-AOE,None,MFm,Ex,CZ13,rDXHP,0,Area-ft2-BA,1024.1666666666667,24576,143495.27,14740.46,0,59678.04,22986.39,35215.64,0,0,10874.74,0,0,0,0,0,0,5402.922525597269,486.92901023890784,0.0,4915.993515358361,1,1,2026-08-14 14:07:04.783494
RB-dxHP_equip-spltHP-SEER-BA-rDXHP-LRM-LSC-Correct-0%UC-AOE,None,MFm,Ex,CZ14,rDXHP,0,Area-ft2-BA,1024.1666666666667,24576,126082.92,14740.46,0,59678.04,23400.88,20798.37,0,0,7465.17,0,0,0,0,0,0,5392.471672354948,486.92901023890784,0.0,4905.54266211604,1,1,2026-08-14 14:07:04.783494
RB-dxHP_equip-spltHP-SEER-BA-rDXHP-LRM-LSC-Correct-0%UC-AOE,None,MFm,Ex,CZ15,rDXHP,0,Area-ft2-BA,1024.1666666666667,24576,157583.44,14740.46,0,59678.04,6386.72,62140.74,0,0,14637.48,0,0,0,0,0,0,5304.440273037541,486.92901023890784,0.0,4817.511262798635,1,1,2026-08-14 14:07:04.783494
RB-dxHP_equip-spltHP-SEER-BA-rDXHP-LRM-LSC-Correct-0%UC-AOE,None,MFm,Ex,CZ16,rDXHP,0,Area-ft2-BA,1024.1666666666667,24576,116638.58999999998,14740.46,0,59678.04,28931.56,7836.3,0,0,5452.23,0,0,0,0,0,0,5523.262116040955,486.92901023890784,0.0,5036.333105802048,1,1,2026-08-14 14:07:04.783494
RB-dxHP_equip-spltHP-SEER-BA-rDXHP-LRM-LSC-Correct-0%UC-NC,None,MFm,Ex,CZ01,rDXHP,0,Area-ft2-BA,1024.1666666666667,24576,86853.6,14740.46,0,59678.04,10064.31,1008.61,0,0,1362.18,0,0,0,0,0,0,5607.721843003413,486.92901023890784,0.0,5120.792832764505,1,1,2026-08-14 14:07:04.783494
RB-dxHP_equip-spltHP-SEER-BA-rDXHP-LRM-LSC-Correct-0%UC-NC,None,MFm,Ex,CZ02,rDXHP,0,Area-ft2-BA,1024.1666666666667,24576,97885.78999999998,14740.46,0,59678.04,14862.47,5313.17,0,0,3291.65,0,0,0,0,0,0,5484.340955631399,486.92901023890784,0.0,4997.411945392491,1,1,2026-08-14 14:07:04.783494
RB-dxHP_equip-spltHP-SEER-BA-rDXHP-LRM-LSC-Correct-0%UC-NC,None,MFm,Ex,CZ03,rDXHP,0,Area-ft2-BA,1024.1666666666667,24576,99794.16000000002,14740.46,0,59678.04,14447.0,6907.95,0,0,4020.71,0,0,0,0,0,0,5503.6477815699645,486.92901023890784,0.0,5016.718771331058,1,1,2026-08-14 14:07:04.783494
RB-dxHP_equip-spltHP-SEER-BA-rDXHP-LRM-LSC-Correct-0%UC-NC,None,MFm,Ex,CZ04,rDXHP,0,Area-ft2-BA,1024.1666666666667,24576,116811.76,14740.46,0,59678.04,22907.21,13015.78,0,0,6470.27,0,0,0,0,0,0,5424.585324232081,486.92901023890784,0.0,4937.656313993173,1,1,2026-08-14 14:07:04.783494
RB-dxHP_equip-spltHP-SEER-BA-rDXHP-LRM-LSC-Correct-0%UC-NC,None,MFm,Ex,CZ05,rDXHP,0,Area-ft2-BA,1024.1666666666667,24576,100156.54,14740.46,0,59678.04,15485.22,6175.65,0,0,4077.17,0,0,0,0,0,0,5493.978156996587,486.92901023890784,0.0,5007.049146757679,1,1,2026-08-14 14:07:04.783494
RB-dxHP_equip-spltHP-SEER-BA-rDXHP-LRM-LSC-Correct-0%UC-NC,None,MFm,Ex,CZ06,rDXHP,0,Area-ft2-BA,1024.1666666666667,24576,94023.99,14740.46,0,59678.04,7857.74,8056.98,0,0,3690.77,0,0,0,0,0,0,5428.198293515358,486.92901023890784,0.0,4941.269283276451,1,1,2026-08-14 14:07:04.783494
RB-dxHP_equip-spltHP-SEER-BA-rDXHP-LRM-LSC-Correct-0%UC-NC,None,MFm,Ex,CZ07,rDXHP,0,Area-ft2-BA,1024.1666666666667,24576,90120.98999999999,14740.46,0,59678.04,6323.52,6435.41,0,0,2943.56,0,0,0,0,0,0,5411.789078498293,486.92901023890784,0.0,4924.860068259385,1,1,2026-08-14 14:07:04.783494
RB-dxHP_equip-spltHP-SEER-BA-rDXHP-LRM-LSC-Correct-0%UC-NC,None,MFm,Ex,CZ08,rDXHP,0,Area-ft2-BA,1024.1666666666667,24576,105604.70000000001,14740.46,0,59678.04,7399.04,17594.44,0,0,6192.72,0,0,0,0,0,0,5383.62218430034,486.92901023890784,0.0,4896.693174061433,1,1,2026-08-14 14:07:04.783494
RB-dxHP_equip-spltHP-SEER-BA-rDXHP-LRM-LSC-Correct-0%UC-NC,None,MFm,Ex,CZ09,rDXHP,0,Area-ft2-BA,1024.1666666666667,24576,112426.98999999999,14740.46,0,59678.04,13755.11,17367.32,0,0,6886.06,0,0,0,0,0,0,5378.123208191126,486.92901023890784,0.0,4891.194197952218,1,1,2026-08-14 14:07:04.783494
RB-dxHP_equip-spltHP-SEER-BA-rDXHP-LRM-LSC-Correct-0%UC-NC,None,MFm,Ex,CZ10,rDXHP,0,Area-ft2-BA,1024.1666666666667,24576,105006.54000000001,14740.46,0,59678.04,7140.51,17710.34,0,0,5737.19,0,0,0,0,0,0,5376.438225255972,486.92901023890784,0.0,4889.509215017065,1,1,2026-08-14 14:07:04.783494
RB-dxHP_equip-spltHP-SEER-BA-rDXHP-LRM-LSC-Correct-0%UC-NC,None,MFm,Ex,CZ11,rDXHP,0,Area-ft2-BA,1024.1666666666667,24576,120051.22999999998,14740.46,0,59678.04,12997.35,24603.29,0,0,8032.09,0,0,0,0,0,0,5433.0778156996585,486.92901023890784,0.0,4946.148805460751,1,1,2026-08-14 14:07:04.783494
RB-dxHP_equip-spltHP-SEER-BA-rDXHP-LRM-LSC-Correct-0%UC-NC,None,MFm,Ex,CZ12,rDXHP,0,Area-ft2-BA,1024.1666666666667,24576,102460.45999999999,14740.46,0,59678.04,12662.53,10846.75,0,0,4532.68,0,0,0,0,0,0,5432.671672354949,486.92901023890784,0.0,4945.742662116041,1,1,2026-08-14 14:07:04.783494
RB-dxHP_equip-spltHP-SEER-BA-rDXHP-LRM-LSC-Correct-0%UC-NC,None,MFm,Ex,CZ13,rDXHP,0,Area-ft2-BA,1024.1666666666667,24576,135802.00999999998,14740.46,0,59678.04,18736.0,31772.77,0,0,10874.74,0,0,0,0,0,0,5402.922525597269,486.92901023890784,0.0,4915.993515358361,1,1,2026-08-14 14:07:04.783494
RB-dxHP_equip-spltHP-SEER-BA-rDXHP-LRM-LSC-Correct-0%UC-NC,None,MFm,Ex,CZ14,rDXHP,0,Area-ft2-BA,1024.1666666666667,24576,119966.05,14740.46,0,59678.04,19317.37,18765.01,0,0,7465.17,0,0,0,0,0,0,5392.471672354948,486.92901023890784,0.0,4905.54266211604,1,1,2026-08-14 14:07:04.783494
RB-dxHP_equip-spltHP-SEER-BA-rDXHP-LRM-LSC-Correct-0%UC-NC,None,MFm,Ex,CZ15,rDXHP,0,Area-ft2-BA,1024.1666666666667,24576,150310.0,14740.46,0,59678.04,5188.49,56065.53,0,0,14637.48,0,0,0,0,0,0,5304.440273037541,486.92901023890784,0.0,4817.511262798635,1,1,2026-08-14 14:07:04.783494
RB-dxHP_equip-spltHP-SEER-BA-rDXHP-LRM-LSC-Correct-0%UC-NC,None,MFm,Ex,CZ16,rDXHP,0,Area-ft2-BA,1024.1666666666667,24576,111473.15999999999,14740.46,0,59678.04,24532.25,7070.18,0,0,5452.23,0,0,0,0,0,0,5523.262116040955,486.92901023890784,0.0,5036.333105802048,1,1,2026-08-14 14:07:04.783494
RB-dxHP_equip-spltHP-SEER-BA-rDXHP-LRM-LSC-Correct-0%UC-NR,None,MFm,Ex,CZ01,rDXHP,0,Area-ft2-BA,1024.1666666666667,24576,86853.6,14740.46,0,59678.04,10064.31,1008.61,0,0,1362.18,0,0,0,0,0,0,5607.721843003413,486.92901023890784,0.0,5120.792832764505,1,1,2026-08-14 14:07:04.783494
RB-dxHP_equip-spltHP-SEER-BA-rDXHP-LRM-LSC-Correct-0%UC-NR,None,MFm,Ex,CZ02,rDXHP,0,Area-ft2-BA,1024.1666666666667,24576,97885.78999999998,14740.46,0,59678.04,14862.47,5313.17,0,0,3291.65,0,0,0,0,0,0,5484.340955631399,486.92901023890784,0.0,4997.411945392491,1,1,2026-08-14 14:07:04.783494
RB-dxHP_equip-spltHP-SEER-BA-rDXHP-LRM-LSC-Correct-0%UC-NR,None,MFm,Ex,CZ03,rDXHP,0,Area-ft2-BA,1024.1666666666667,24576,99794.16000000002,14740.46,0,59678.04,14447.0,6907.95,0,0,4020.71,0,0,0,0,0,0,5503.6477815699645,486.92901023890784,0.0,5016.718771331058,1,1,2026-08-14 14:07:04.783494
RB-dxHP_equip-spltHP-SEER-BA-rDXHP-LRM-LSC-Correct-0%UC-NR,None,MFm,Ex,CZ04,rDXHP,0,Area-ft2-BA,1024.1666666666667,24576,116811.76,14740.46,0,59678.04,22907.21,13015.78,0,0,6470.27,0,0,0,0,0,0,5424.585324232081,486.92901023890784,0.0,4937.656313993173,1,1,2026-08-14 14:07:04.783494
RB-dxHP_equip-spltHP-SEER-BA-rDXHP-LRM-LSC-Correct-0%UC-NR,None,MFm,Ex,CZ05,rDXHP,0,Area-ft2-BA,1024.1666666666667,24576,100156.54,14740.46,0,59678.04,15485.22,6175.65,0,0,4077.17,0,0,0,0,0,0,5493.978156996587,486.92901023890784,0.0,5007.049146757679,1,1,2026-08-14 14:07:04.783494
RB-dxHP_equip-spltHP-SEER-BA-rDXHP-LRM-LSC-Correct-0%UC-NR,None,MFm,Ex,CZ06,rDXHP,0,Area-ft2-BA,1024.1666666666667,24576,94023.99,14740.46,0,59678.04,7857.74,8056.98,0,0,3690.77,0,0,0,0,0,0,5428.198293515358,486.92901023890784,0.0,4941.269283276451,1,1,2026-08-14 14:07:04.783494
RB-dxHP_equip-spltHP-SEER-BA-rDXHP-LRM-LSC-Correct-0%UC-NR,None,MFm,Ex,CZ07,rDXHP,0,Area-ft2-BA,1024.1666666666667,24576,90120.98999999999,14740.46,0,59678.04,6323.52,6435.41,0,0,2943.56,0,0,0,0,0,0,5411.789078498293,486.92901023890784,0.0,4924.860068259385,1,1,2026-08-14 14:07:04.783494
RB-dxHP_equip-spltHP-SEER-BA-rDXHP-LRM-LSC-Correct-0%UC-NR,None,MFm,Ex,CZ08,rDXHP,0,Area-ft2-BA,1024.1666666666667,24576,105604.70000000001,14740.46,0,59678.04,7399.04,17594.44,0,0,6192.72,0,0,0,0,0,0,5383.62218430034,486.92901023890784,0.0,4896.693174061433,1,1,2026-08-14 14:07:04.783494
RB-dxHP_equip-spltHP-SEER-BA-rDXHP-LRM-LSC-Correct-0%UC-NR,None,MFm,Ex,CZ09,rDXHP,0,Area-ft2-BA,1024.1666666666667,24576,112426.98999999999,14740.46,0,59678.04,13755.11,17367.32,0,0,6886.06,0,0,0,0,0,0,5378.123208191126,486.92901023890784,0.0,4891.194197952218,1,1,2026-08-14 14:07:04.783494
RB-dxHP_equip-spltHP-SEER-BA-rDXHP-LRM-LSC-Correct-0%UC-NR,None,MFm,Ex,CZ10,rDXHP,0,Area-ft2-BA,1024.1666666666667,24576,105006.54000000001,14740.46,0,59678.04,7140.51,17710.34,0,0,5737.19,0,0,0,0,0,0,5376.438225255972,486.92901023890784,0.0,4889.509215017065,1,1,2026-08-14 14:07:04.783494
RB-dxHP_equip-spltHP-SEER-BA-rDXHP-LRM-LSC-Correct-0%UC-NR,None,MFm,Ex,CZ11,rDXHP,0,Area-ft2-BA,1024.1666666666667,24576,120051.22999999998,14740.46,0,59678.04,12997.35,24603.29,0,0,8032.09,0,0,0,0,0,0,5433.0778156996585,486.92901023890784,0.0,4946.148805460751,1,1,2026-08-14 14:07:04.783494
RB-dxHP_equip-spltHP-SEER-BA-rDXHP-LRM-LSC-Correct-0%UC-NR,None,MFm,Ex,CZ12,rDXHP,0,Area-ft2-BA,1024.1666666666667,24576,102460.45999999999,14740.46,0,59678.04,12662.53,10846.75,0,0,4532.68,0,0,0,0,0,0,5432.671672354949,486.92901023890784,0.0,4945.742662116041,1,1,2026-08-14 14:07:04.783494
RB-dxHP_equip-spltHP-SEER-BA-rDXHP-LRM-LSC-Correct-0%UC-NR,None,MFm,Ex,CZ13,rDXHP,0,Area-ft2-BA,1024.1666666666667,24576,135802.00999999998,14740.46,0,59678.04,18736.0,31772.77,0,0,10874.74,0,0,0,0,0,0,5402.922525597269,486.92901023890784,0.0,4915.993515358361,1,1,2026-08-14 14:07:04.783494
RB-dxHP_equip-spltHP-SEER-BA-rDXHP-LRM-LSC-Correct-0%UC-NR,None,MFm,Ex,CZ14,rDXHP,0,Area-ft2-BA,1024.1666666666667,24576,119966.05,14740.46,0,59678.04,19317.37,18765.01,0,0,7465.17,0,0,0,0,0,0,5392.471672354948,486.92901023890784,0.0,4905.54266211604,1,1,2026-08-14 14:07:04.783494
RB-dxHP_equip-spltHP-SEER-BA-rDXHP-LRM-LSC-Correct-0%UC-NR,None,MFm,Ex,CZ15,rDXHP,0,Area-ft2-BA,1024.1666666666667,24576,150310.0,14740.46,0,59678.04,5188.49,56065.53,0,0,14637.48,0,0,0,0,0,0,5304.440273037541,486.92901023890784,0.0,4817.511262798635,1,1,2026-08-14 14:07:04.783494
RB-dxHP_equip-spltHP-SEER-BA-rDXHP-LRM-LSC-Correct-0%UC-NR,None,MFm,Ex,CZ16,rDXHP,0,Area-ft2-BA,1024.1666666666667,24576,111473.15999999999,14740.46,0,59678.04,24532.25,7070.18,0,0,5452.23,0,0,0,0,0,0,5523.262116040955,486.92901023890784,0.0,5036.333105802048,1,1,2026-08-14 14:07:04.783494
