File Name,BldgLoc,BldgType,Story,BldgHVAC,BldgVint,TechGroup,TechType,TechID,Cohort,Case,Net Site EUI,Net Source EUI,Total Energy/Net Site Energy,Total Energy/Net Source Energy,Total,Heating,Cooling,Interior Lighting,Exterior Lighting,Interior Equipment,Exterior Equipment,Fans,Pumps,Heat Rejection,Humidification,Heat Recovery,Water Systems,Refrigeration,Generators,Heating Elec,Cooling Elec,Heating NG,Cooling NG,Interior Equipment Elec,Interior Equipment NG,Unmet Heating,Unmet Cooling,Conditioned Area,Electricity:Facility [J](Hourly)
runs/CZ10/SFm&1&rDXGF&Ex&dxAC_equip/RB-dxAC_equip-spltAC-SEER-BA-rDXGF-LRM-LSC-AOE/instance-out.sql,CZ10,SFm,weighted,rDXGF,Ex,dxAC_equip,,RB-dxAC_equip-spltAC-SEER-BA-rDXGF-LRM-LSC-AOE,SFm&1&rDXGF&Ex&dxAC_equip,RB-dxAC_equip-spltAC-SEER-BA-rDXGF-LRM-LSC-AOE,44.3258,88.83,36795.6298,73866.7438,36795.6298,6169.0504,3275.4614,1648.6988,457.71,13011.1496,0.0,490.7558,0.0,0.0,0.0,0.0,11742.8038,0.0,0.0,0.0,3275.4614,6169.0504,0.0,10440.5142,2570.6354,0.0,0.0,383.52,21564401.6419
runs/CZ11/SFm&1&rDXGF&Ex&dxAC_equip/RB-dxAC_equip-spltAC-SEER-BA-rDXGF-LRM-LSC-AOE/instance-out.sql,CZ11,SFm,weighted,rDXGF,Ex,dxAC_equip,,RB-dxAC_equip-spltAC-SEER-BA-rDXGF-LRM-LSC-AOE,SFm&1&rDXGF&Ex&dxAC_equip,RB-dxAC_equip-spltAC-SEER-BA-rDXGF-LRM-LSC-AOE,52.624,99.6084,42510.2951,80509.42,42510.2951,11794.1462,4295.8182,1607.4422,457.71,11802.1074,0.0,709.4046,0.0,0.0,0.0,0.0,11843.6565,0.0,0.0,0.0,4295.8182,11794.1462,0.0,9457.8323,2344.2751,0.0,0.0,332.22,24381442.7274
runs/CZ12/SFm&1&rDXGF&Ex&dxAC_equip/RB-dxAC_equip-spltAC-SEER-BA-rDXGF-LRM-LSC-AOE/instance-out.sql,CZ12,SFm,weighted,rDXGF,Ex,dxAC_equip,,RB-dxAC_equip-spltAC-SEER-BA-rDXGF-LRM-LSC-AOE,SFm&1&rDXGF&Ex&dxAC_equip,RB-dxAC_equip-spltAC-SEER-BA-rDXGF-LRM-LSC-AOE,50.8758,91.9539,41088.5401,74252.2949,41088.5378,12519.5386,2317.631,1607.4422,457.71,11802.1074,0.0,423.583,0.0,0.0,0.0,0.0,11960.531,0.0,0.0,0.0,2317.631,12519.5386,0.0,9457.8323,2344.2751,0.0,0.0,332.22,19621032.4246
runs/CZ13/SFm&1&rDXGF&Ex&dxAC_equip/RB-dxAC_equip-spltAC-SEER-BA-rDXGF-LRM-LSC-AOE/instance-out.sql,CZ13,SFm,weighted,rDXGF,Ex,dxAC_equip,,RB-dxAC_equip-spltAC-SEER-BA-rDXGF-LRM-LSC-AOE,SFm&1&rDXGF&Ex&dxAC_equip,RB-dxAC_equip-spltAC-SEER-BA-rDXGF-LRM-LSC-AOE,54.7026,105.6931,44250.4847,85553.9245,44250.4847,12097.2126,5650.2409,1607.4422,457.71,11802.1074,0.0,871.129,0.0,0.0,0.0,0.0,11764.6349,0.0,0.0,0.0,5650.2409,12097.2126,0.0,9457.8323,2344.2751,0.0,0.0,332.22,28735599.0805
runs/CZ14/SFm&1&rDXGF&Ex&dxAC_equip/RB-dxAC_equip-spltAC-SEER-BA-rDXGF-LRM-LSC-AOE/instance-out.sql,CZ14,SFm,weighted,rDXGF,Ex,dxAC_equip,,RB-dxAC_equip-spltAC-SEER-BA-rDXGF-LRM-LSC-AOE,SFm&1&rDXGF&Ex&dxAC_equip,RB-dxAC_equip-spltAC-SEER-BA-rDXGF-LRM-LSC-AOE,54.1368,96.06,42831.1972,75991.2676,42831.1972,14590.9732,2731.8936,1583.5568,457.71,11102.1356,0.0,530.0788,0.0,0.0,0.0,0.0,11834.848,0.0,0.0,0.0,2731.8936,14590.9732,0.0,8888.9112,2213.2244,0.0,0.0,302.52,15104114.3232
runs/CZ15/SFm&1&rDXGF&Ex&dxAC_equip/RB-dxAC_equip-spltAC-SEER-BA-rDXGF-LRM-LSC-AOE/instance-out.sql,CZ15,SFm,weighted,rDXGF,Ex,dxAC_equip,,RB-dxAC_equip-spltAC-SEER-BA-rDXGF-LRM-LSC-AOE,SFm&1&rDXGF&Ex&dxAC_equip,RB-dxAC_equip-spltAC-SEER-BA-rDXGF-LRM-LSC-AOE,49.0652,110.1696,38780.1,87230.3004,38780.1012,3537.67,9532.2248,1583.5568,457.71,11102.1356,0.0,1233.5556,0.0,0.0,0.0,0.0,11333.246,0.0,0.0,0.0,9532.2248,3537.67,0.0,8888.9112,2213.2244,0.0,0.0,302.52,31923914.4131
runs/CZ16/SFm&1&rDXGF&Ex&dxAC_equip/RB-dxAC_equip-spltAC-SEER-BA-rDXGF-LRM-LSC-AOE/instance-out.sql,CZ16,SFm,weighted,rDXGF,Ex,dxAC_equip,,RB-dxAC_equip-spltAC-SEER-BA-rDXGF-LRM-LSC-AOE,SFm&1&rDXGF&Ex&dxAC_equip,RB-dxAC_equip-spltAC-SEER-BA-rDXGF-LRM-LSC-AOE,43.9729,80.265,35813.6334,65411.1011,35813.6334,8357.8264,575.5587,1624.8134,457.71,12311.1778,0.0,235.1448,0.0,0.0,0.0,0.0,12251.3992,0.0,0.0,0.0,575.5587,8357.8264,0.0,9871.5931,2439.5847,0.0,0.0,353.82,13134840.3659
runs/CZ10/SFm&1&rDXGF&Ex&dxAC_equip/RB-dxAC_equip-spltAC-SEER-BA-rDXGF-LRM-LSC-NR/instance-out.sql,CZ10,SFm,weighted,rDXGF,Ex,dxAC_equip,,RB-dxAC_equip-spltAC-SEER-BA-rDXGF-LRM-LSC-NR,SFm&1&rDXGF&Ex&dxAC_equip,RB-dxAC_equip-spltAC-SEER-BA-rDXGF-LRM-LSC-NR,43.9488,87.6296,36475.41,72852.5872,36475.4058,6169.0504,2955.2316,1648.6988,457.71,13011.1496,0.0,490.7558,0.0,0.0,0.0,0.0,11742.8038,0.0,0.0,0.0,2955.2316,6169.0504,0.0,10440.5142,2570.6354,0.0,0.0,383.52,20315716.992
runs/CZ11/SFm&1&rDXGF&Ex&dxAC_equip/RB-dxAC_equip-spltAC-SEER-BA-rDXGF-LRM-LSC-NR/instance-out.sql,CZ11,SFm,weighted,rDXGF,Ex,dxAC_equip,,RB-dxAC_equip-spltAC-SEER-BA-rDXGF-LRM-LSC-NR,SFm&1&rDXGF&Ex&dxAC_equip,RB-dxAC_equip-spltAC-SEER-BA-rDXGF-LRM-LSC-NR,52.1152,97.9828,42090.3126,79179.3348,42090.3126,11794.1462,3875.8334,1607.4422,457.71,11802.1074,0.0,709.4046,0.0,0.0,0.0,0.0,11843.6565,0.0,0.0,0.0,3875.8334,11794.1462,0.0,9457.8323,2344.2751,0.0,0.0,332.22,22838788.0149
runs/CZ12/SFm&1&rDXGF&Ex&dxAC_equip/RB-dxAC_equip-spltAC-SEER-BA-rDXGF-LRM-LSC-NR/instance-out.sql,CZ12,SFm,weighted,rDXGF,Ex,dxAC_equip,,RB-dxAC_equip-spltAC-SEER-BA-rDXGF-LRM-LSC-NR,SFm&1&rDXGF&Ex&dxAC_equip,RB-dxAC_equip-spltAC-SEER-BA-rDXGF-LRM-LSC-NR,50.6022,91.0816,40861.9546,73534.7069,40861.9546,12519.5386,2091.0478,1607.4422,457.71,11802.1074,0.0,423.583,0.0,0.0,0.0,0.0,11960.531,0.0,0.0,0.0,2091.0478,12519.5386,0.0,9457.8323,2344.2751,0.0,0.0,332.22,18487013.2502
runs/CZ13/SFm&1&rDXGF&Ex&dxAC_equip/RB-dxAC_equip-spltAC-SEER-BA-rDXGF-LRM-LSC-NR/instance-out.sql,CZ13,SFm,weighted,rDXGF,Ex,dxAC_equip,,RB-dxAC_equip-spltAC-SEER-BA-rDXGF-LRM-LSC-NR,SFm&1&rDXGF&Ex&dxAC_equip,RB-dxAC_equip-spltAC-SEER-BA-rDXGF-LRM-LSC-NR,54.0324,103.5649,43698.0876,83804.4785,43698.0853,12097.2126,5097.8438,1607.4422,457.71,11802.1074,0.0,871.129,0.0,0.0,0.0,0.0,11764.6349,0.0,0.0,0.0,5097.8438,12097.2126,0.0,9457.8323,2344.2751,0.0,0.0,332.22,26802939.2283
runs/CZ14/SFm&1&rDXGF&Ex&dxAC_equip/RB-dxAC_equip-spltAC-SEER-BA-rDXGF-LRM-LSC-NR/instance-out.sql,CZ14,SFm,weighted,rDXGF,Ex,dxAC_equip,,RB-dxAC_equip-spltAC-SEER-BA-rDXGF-LRM-LSC-NR,SFm&1&rDXGF&Ex&dxAC_equip,RB-dxAC_equip-spltAC-SEER-BA-rDXGF-LRM-LSC-NR,53.804,95.002,42564.1104,75145.416,42564.1104,14590.9732,2464.8068,1583.5568,457.71,11102.1356,0.0,530.0788,0.0,0.0,0.0,0.0,11834.848,0.0,0.0,0.0,2464.8068,14590.9732,0.0,8888.9112,2213.2244,0.0,0.0,302.52,14348418.12
runs/CZ15/SFm&1&rDXGF&Ex&dxAC_equip/RB-dxAC_equip-spltAC-SEER-BA-rDXGF-LRM-LSC-NR/instance-out.sql,CZ15,SFm,weighted,rDXGF,Ex,dxAC_equip,,RB-dxAC_equip-spltAC-SEER-BA-rDXGF-LRM-LSC-NR,SFm&1&rDXGF&Ex&dxAC_equip,RB-dxAC_equip-spltAC-SEER-BA-rDXGF-LRM-LSC-NR,47.8992,106.4752,37848.1824,84278.9012,37848.1824,3537.67,8600.306,1583.5568,457.71,11102.1356,0.0,1233.5556,0.0,0.0,0.0,0.0,11333.246,0.0,0.0,0.0,8600.306,3537.67,0.0,8888.9112,2213.2244,0.0,0.0,302.52,29677735.1062
runs/CZ16/SFm&1&rDXGF&Ex&dxAC_equip/RB-dxAC_equip-spltAC-SEER-BA-rDXGF-LRM-LSC-NR/instance-out.sql,CZ16,SFm,weighted,rDXGF,Ex,dxAC_equip,,RB-dxAC_equip-spltAC-SEER-BA-rDXGF-LRM-LSC-NR,SFm&1&rDXGF&Ex&dxAC_equip,RB-dxAC_equip-spltAC-SEER-BA-rDXGF-LRM-LSC-NR,43.9043,80.0537,35757.36,65232.8927,35757.36,8357.8264,519.2853,1624.8134,457.71,12311.1778,0.0,235.1448,0.0,0.0,0.0,0.0,12251.3992,0.0,0.0,0.0,519.2853,8357.8264,0.0,9871.5931,2439.5847,0.0,0.0,353.82,12622453.7639
runs/CZ10/SFm&1&rDXGF&Ex&dxAC_equip/RB-dxAC_equip-spltAC-SEER-BA-rDXGF-NoLRM-0%UC-AOE/instance-out.sql,CZ10,SFm,weighted,rDXGF,Ex,dxAC_equip,,RB-dxAC_equip-spltAC-SEER-BA-rDXGF-NoLRM-0%UC-AOE,SFm&1&rDXGF&Ex&dxAC_equip,RB-dxAC_equip-spltAC-SEER-BA-rDXGF-NoLRM-0%UC-AOE,44.6944,89.9836,37105.302,74847.4538,37105.2962,6169.0504,3585.1236,1648.6988,457.71,13011.1496,0.0,490.7558,0.0,0.0,0.0,0.0,11742.8038,0.0,0.0,0.0,3585.1236,6169.0504,0.0,10440.5142,2570.6354,0.0,0.0,383.52,22771908.997
runs/CZ11/SFm&1&rDXGF&Ex&dxAC_equip/RB-dxAC_equip-spltAC-SEER-BA-rDXGF-NoLRM-0%UC-AOE/instance-out.sql,CZ11,SFm,weighted,rDXGF,Ex,dxAC_equip,,RB-dxAC_equip-spltAC-SEER-BA-rDXGF-NoLRM-0%UC-AOE,SFm&1&rDXGF&Ex&dxAC_equip,RB-dxAC_equip-spltAC-SEER-BA-rDXGF-NoLRM-0%UC-AOE,53.1236,101.1748,42916.4288,81795.6403,42916.4288,11794.1462,4701.9519,1607.4422,457.71,11802.1074,0.0,709.4046,0.0,0.0,0.0,0.0,11843.6565,0.0,0.0,0.0,4701.9519,11794.1462,0.0,9457.8323,2344.2751,0.0,0.0,332.22,25873226.0308
runs/CZ12/SFm&1&rDXGF&Ex&dxAC_equip/RB-dxAC_equip-spltAC-SEER-BA-rDXGF-NoLRM-0%UC-AOE/instance-out.sql,CZ12,SFm,weighted,rDXGF,Ex,dxAC_equip,,RB-dxAC_equip-spltAC-SEER-BA-rDXGF-NoLRM-0%UC-AOE,SFm&1&rDXGF&Ex&dxAC_equip,RB-dxAC_equip-spltAC-SEER-BA-rDXGF-NoLRM-0%UC-AOE,51.1471,92.7939,41307.6489,74946.2241,41307.6566,12519.5386,2536.7398,1607.4422,457.71,11802.1074,0.0,423.583,0.0,0.0,0.0,0.0,11960.531,0.0,0.0,0.0,2536.7398,12519.5386,0.0,9457.8323,2344.2751,0.0,0.0,332.22,20717655.5744
runs/CZ13/SFm&1&rDXGF&Ex&dxAC_equip/RB-dxAC_equip-spltAC-SEER-BA-rDXGF-NoLRM-0%UC-AOE/instance-out.sql,CZ13,SFm,weighted,rDXGF,Ex,dxAC_equip,,RB-dxAC_equip-spltAC-SEER-BA-rDXGF-NoLRM-0%UC-AOE,SFm&1&rDXGF&Ex&dxAC_equip,RB-dxAC_equip-spltAC-SEER-BA-rDXGF-NoLRM-0%UC-AOE,55.3559,107.7506,44784.67,87245.6774,44784.67,12097.2126,6184.4262,1607.4422,457.71,11802.1074,0.0,871.129,0.0,0.0,0.0,0.0,11764.6349,0.0,0.0,0.0,6184.4262,12097.2126,0.0,9457.8323,2344.2751,0.0,0.0,332.22,30604526.5049
runs/CZ14/SFm&1&rDXGF&Ex&dxAC_equip/RB-dxAC_equip-spltAC-SEER-BA-rDXGF-NoLRM-0%UC-AOE/instance-out.sql,CZ14,SFm,weighted,rDXGF,Ex,dxAC_equip,,RB-dxAC_equip-spltAC-SEER-BA-rDXGF-NoLRM-0%UC-AOE,SFm&1&rDXGF&Ex&dxAC_equip,RB-dxAC_equip-spltAC-SEER-BA-rDXGF-NoLRM-0%UC-AOE,54.4584,97.0832,43089.4708,76809.2328,43089.4796,14590.9732,2990.1748,1583.5568,457.71,11102.1356,0.0,530.0788,0.0,0.0,0.0,0.0,11834.848,0.0,0.0,0.0,2990.1748,14590.9732,0.0,8888.9112,2213.2244,0.0,0.0,302.52,15834890.2831
runs/CZ15/SFm&1&rDXGF&Ex&dxAC_equip/RB-dxAC_equip-spltAC-SEER-BA-rDXGF-NoLRM-0%UC-AOE/instance-out.sql,CZ15,SFm,weighted,rDXGF,Ex,dxAC_equip,,RB-dxAC_equip-spltAC-SEER-BA-rDXGF-NoLRM-0%UC-AOE,SFm&1&rDXGF&Ex&dxAC_equip,RB-dxAC_equip-spltAC-SEER-BA-rDXGF-NoLRM-0%UC-AOE,50.1964,113.7472,39681.2928,90084.3656,39681.2928,3537.67,10433.4164,1583.5568,457.71,11102.1356,0.0,1233.5556,0.0,0.0,0.0,0.0,11333.246,0.0,0.0,0.0,10433.4164,3537.67,0.0,8888.9112,2213.2244,0.0,0.0,302.52,34096022.5065
runs/CZ16/SFm&1&rDXGF&Ex&dxAC_equip/RB-dxAC_equip-spltAC-SEER-BA-rDXGF-NoLRM-0%UC-AOE/instance-out.sql,CZ16,SFm,weighted,rDXGF,Ex,dxAC_equip,,RB-dxAC_equip-spltAC-SEER-BA-rDXGF-NoLRM-0%UC-AOE,SFm&1&rDXGF&Ex&dxAC_equip,RB-dxAC_equip-spltAC-SEER-BA-rDXGF-NoLRM-0%UC-AOE,44.0377,80.477,35868.0448,65583.4264,35868.0417,8357.8264,629.9739,1624.8134,457.71,12311.1778,0.0,235.1448,0.0,0.0,0.0,0.0,12251.3992,0.0,0.0,0.0,629.9739,8357.8264,0.0,9871.5931,2439.5847,0.0,0.0,353.82,13630330.2324
runs/CZ10/SFm&1&rDXGF&Ex&dxAC_equip/RB-dxAC_equip-spltAC-SEER-BA-rDXGF-NoLRM-0%UC-NR/instance-out.sql,CZ10,SFm,weighted,rDXGF,Ex,dxAC_equip,,RB-dxAC_equip-spltAC-SEER-BA-rDXGF-NoLRM-0%UC-NR,SFm&1&rDXGF&Ex&dxAC_equip,RB-dxAC_equip-spltAC-SEER-BA-rDXGF-NoLRM-0%UC-NR,44.2748,88.677,36754.801,73737.4198,36754.7952,6169.0504,3234.6268,1648.6988,457.71,13011.1496,0.0,490.7558,0.0,0.0,0.0,0.0,11742.8038,0.0,0.0,0.0,3234.6268,6169.0504,0.0,10440.5142,2570.6354,0.0,0.0,383.52,21405171.9496
runs/CZ11/SFm&1&rDXGF&Ex&dxAC_equip/RB-dxAC_equip-spltAC-SEER-BA-rDXGF-NoLRM-0%UC-NR/instance-out.sql,CZ11,SFm,weighted,rDXGF,Ex,dxAC_equip,,RB-dxAC_equip-spltAC-SEER-BA-rDXGF-NoLRM-0%UC-NR,SFm&1&rDXGF&Ex&dxAC_equip,RB-dxAC_equip-spltAC-SEER-BA-rDXGF-NoLRM-0%UC-NR,52.5579,99.4001,42456.7412,80339.8055,42456.7412,11794.1462,4242.262,1607.4422,457.71,11802.1074,0.0,709.4046,0.0,0.0,0.0,0.0,11843.6565,0.0,0.0,0.0,4242.262,11794.1462,0.0,9457.8323,2344.2751,0.0,0.0,332.22,24184726.5789
runs/CZ12/SFm&1&rDXGF&Ex&dxAC_equip/RB-dxAC_equip-spltAC-SEER-BA-rDXGF-NoLRM-0%UC-NR/instance-out.sql,CZ12,SFm,weighted,rDXGF,Ex,dxAC_equip,,RB-dxAC_equip-spltAC-SEER-BA-rDXGF-NoLRM-0%UC-NR,SFm&1&rDXGF&Ex&dxAC_equip,RB-dxAC_equip-spltAC-SEER-BA-rDXGF-NoLRM-0%UC-NR,50.8466,91.8363,41059.643,74160.791,41059.643,12519.5386,2288.7362,1607.4422,457.71,11802.1074,0.0,423.583,0.0,0.0,0.0,0.0,11960.531,0.0,0.0,0.0,2288.7362,12519.5386,0.0,9457.8323,2344.2751,0.0,0.0,332.22,19476424.6374
runs/CZ13/SFm&1&rDXGF&Ex&dxAC_equip/RB-dxAC_equip-spltAC-SEER-BA-rDXGF-NoLRM-0%UC-NR/instance-out.sql,CZ13,SFm,weighted,rDXGF,Ex,dxAC_equip,,RB-dxAC_equip-spltAC-SEER-BA-rDXGF-NoLRM-0%UC-NR,SFm&1&rDXGF&Ex&dxAC_equip,RB-dxAC_equip-spltAC-SEER-BA-rDXGF-NoLRM-0%UC-NR,54.6219,105.4241,44180.0451,85330.8344,44180.0428,12097.2126,5579.8013,1607.4422,457.71,11802.1074,0.0,871.129,0.0,0.0,0.0,0.0,11764.6349,0.0,0.0,0.0,5579.8013,12097.2126,0.0,9457.8323,2344.2751,0.0,0.0,332.22,28489150.2806
runs/CZ14/SFm&1&rDXGF&Ex&dxAC_equip/RB-dxAC_equip-spltAC-SEER-BA-rDXGF-NoLRM-0%UC-NR/instance-out.sql,CZ14,SFm,weighted,rDXGF,Ex,dxAC_equip,,RB-dxAC_equip-spltAC-SEER-BA-rDXGF-NoLRM-0%UC-NR,SFm&1&rDXGF&Ex&dxAC_equip,RB-dxAC_equip-spltAC-SEER-BA-rDXGF-NoLRM-0%UC-NR,54.0908,95.9284,42797.1364,75883.4084,42797.1364,14590.9732,2697.8404,1583.5568,457.71,11102.1356,0.0,530.0788,0.0,0.0,0.0,0.0,11834.848,0.0,0.0,0.0,2697.8404,14590.9732,0.0,8888.9112,2213.2244,0.0,0.0,302.52,15007749.5014
runs/CZ15/SFm&1&rDXGF&Ex&dxAC_equip/RB-dxAC_equip-spltAC-SEER-BA-rDXGF-NoLRM-0%UC-NR/instance-out.sql,CZ15,SFm,weighted,rDXGF,Ex,dxAC_equip,,RB-dxAC_equip-spltAC-SEER-BA-rDXGF-NoLRM-0%UC-NR,SFm&1&rDXGF&Ex&dxAC_equip,RB-dxAC_equip-spltAC-SEER-BA-rDXGF-NoLRM-0%UC-NR,48.916,109.6972,38661.2616,86853.938,38661.2628,3537.67,9413.3864,1583.5568,457.71,11102.1356,0.0,1233.5556,0.0,0.0,0.0,0.0,11333.246,0.0,0.0,0.0,9413.3864,3537.67,0.0,8888.9112,2213.2244,0.0,0.0,302.52,31637486.2587
runs/CZ16/SFm&1&rDXGF&Ex&dxAC_equip/RB-dxAC_equip-spltAC-SEER-BA-rDXGF-NoLRM-0%UC-NR/instance-out.sql,CZ16,SFm,weighted,rDXGF,Ex,dxAC_equip,,RB-dxAC_equip-spltAC-SEER-BA-rDXGF-NoLRM-0%UC-NR,SFm&1&rDXGF&Ex&dxAC_equip,RB-dxAC_equip-spltAC-SEER-BA-rDXGF-NoLRM-0%UC-NR,43.9629,80.2426,35806.4598,65388.3739,35806.4529,8357.8264,568.382,1624.8134,457.71,12311.1778,0.0,235.1448,0.0,0.0,0.0,0.0,12251.3992,0.0,0.0,0.0,568.382,8357.8264,0.0,9871.5931,2439.5847,0.0,0.0,353.82,13069501.8827
runs/CZ10/SFm&1&rDXGF&Ex&dxAC_equip/RB-dxAC_equip-spltAC-SEER-BA-rDXGF-NoLRM-15%UC-AOE/instance-out.sql,CZ10,SFm,weighted,rDXGF,Ex,dxAC_equip,,RB-dxAC_equip-spltAC-SEER-BA-rDXGF-NoLRM-15%UC-AOE,SFm&1&rDXGF&Ex&dxAC_equip,RB-dxAC_equip-spltAC-SEER-BA-rDXGF-NoLRM-15%UC-AOE,45.726,93.2546,37981.7188,77623.0622,37981.713,6169.0504,4461.5404,1648.6988,457.71,13011.1496,0.0,490.7558,0.0,0.0,0.0,0.0,11742.8038,0.0,0.0,0.0,4461.5404,6169.0504,0.0,10440.5142,2570.6354,0.0,0.0,383.52,26189382.6398
runs/CZ11/SFm&1&rDXGF&Ex&dxAC_equip/RB-dxAC_equip-spltAC-SEER-BA-rDXGF-NoLRM-15%UC-AOE/instance-out.sql,CZ11,SFm,weighted,rDXGF,Ex,dxAC_equip,,RB-dxAC_equip-spltAC-SEER-BA-rDXGF-NoLRM-15%UC-AOE,SFm&1&rDXGF&Ex&dxAC_equip,RB-dxAC_equip-spltAC-SEER-BA-rDXGF-NoLRM-15%UC-AOE,54.5263,105.6104,44065.8572,85435.8982,44065.8572,11794.1462,5851.388,1607.4422,457.71,11802.1074,0.0,709.4046,0.0,0.0,0.0,0.0,11843.6565,0.0,0.0,0.0,5851.388,11794.1462,0.0,9457.8323,2344.2751,0.0,0.0,332.22,30095254.2428
runs/CZ12/SFm&1&rDXGF&Ex&dxAC_equip/RB-dxAC_equip-spltAC-SEER-BA-rDXGF-NoLRM-15%UC-AOE/instance-out.sql,CZ12,SFm,weighted,rDXGF,Ex,dxAC_equip,,RB-dxAC_equip-spltAC-SEER-BA-rDXGF-NoLRM-15%UC-AOE,SFm&1&rDXGF&Ex&dxAC_equip,RB-dxAC_equip-spltAC-SEER-BA-rDXGF-NoLRM-15%UC-AOE,51.8995,95.1856,41927.777,76910.1703,41927.7847,12519.5386,3156.8679,1607.4422,457.71,11802.1074,0.0,423.583,0.0,0.0,0.0,0.0,11960.531,0.0,0.0,0.0,3156.8679,12519.5386,0.0,9457.8323,2344.2751,0.0,0.0,332.22,23821305.995
runs/CZ13/SFm&1&rDXGF&Ex&dxAC_equip/RB-dxAC_equip-spltAC-SEER-BA-rDXGF-NoLRM-15%UC-AOE/instance-out.sql,CZ13,SFm,weighted,rDXGF,Ex,dxAC_equip,,RB-dxAC_equip-spltAC-SEER-BA-rDXGF-NoLRM-15%UC-AOE,SFm&1&rDXGF&Ex&dxAC_equip,RB-dxAC_equip-spltAC-SEER-BA-rDXGF-NoLRM-15%UC-AOE,57.2005,113.588,46296.5035,92033.6663,46296.5035,12097.2126,7696.2597,1607.4422,457.71,11802.1074,0.0,871.129,0.0,0.0,0.0,0.0,11764.6349,0.0,0.0,0.0,7696.2597,12097.2126,0.0,9457.8323,2344.2751,0.0,0.0,332.22,35893943.7376
runs/CZ14/SFm&1&rDXGF&Ex&dxAC_equip/RB-dxAC_equip-spltAC-SEER-BA-rDXGF-NoLRM-15%UC-AOE/instance-out.sql,CZ14,SFm,weighted,rDXGF,Ex,dxAC_equip,,RB-dxAC_equip-spltAC-SEER-BA-rDXGF-NoLRM-15%UC-AOE,SFm&1&rDXGF&Ex&dxAC_equip,RB-dxAC_equip-spltAC-SEER-BA-rDXGF-NoLRM-15%UC-AOE,55.3724,99.9728,43820.4508,79124.2292,43820.4508,14590.9732,3721.1472,1583.5568,457.71,11102.1356,0.0,530.0788,0.0,0.0,0.0,0.0,11834.848,0.0,0.0,0.0,3721.1472,14590.9732,0.0,8888.9112,2213.2244,0.0,0.0,302.52,17903124.1294
runs/CZ15/SFm&1&rDXGF&Ex&dxAC_equip/RB-dxAC_equip-spltAC-SEER-BA-rDXGF-NoLRM-15%UC-AOE/instance-out.sql,CZ15,SFm,weighted,rDXGF,Ex,dxAC_equip,,RB-dxAC_equip-spltAC-SEER-BA-rDXGF-NoLRM-15%UC-AOE,SFm&1&rDXGF&Ex&dxAC_equip,RB-dxAC_equip-spltAC-SEER-BA-rDXGF-NoLRM-15%UC-AOE,53.3936,123.862,42231.8232,98161.918,42231.832,3537.67,12983.9468,1583.5568,457.71,11102.1356,0.0,1233.5556,0.0,0.0,0.0,0.0,11333.246,0.0,0.0,0.0,12983.9468,3537.67,0.0,8888.9112,2213.2244,0.0,0.0,302.52,40243498.2353
runs/CZ16/SFm&1&rDXGF&Ex&dxAC_equip/RB-dxAC_equip-spltAC-SEER-BA-rDXGF-NoLRM-15%UC-AOE/instance-out.sql,CZ16,SFm,weighted,rDXGF,Ex,dxAC_equip,,RB-dxAC_equip-spltAC-SEER-BA-rDXGF-NoLRM-15%UC-AOE,SFm&1&rDXGF&Ex&dxAC_equip,RB-dxAC_equip-spltAC-SEER-BA-rDXGF-NoLRM-15%UC-AOE,44.2235,81.0561,36022.0473,66071.154,36022.0473,8357.8264,783.9726,1624.8134,457.71,12311.1778,0.0,235.1448,0.0,0.0,0.0,0.0,12251.3992,0.0,0.0,0.0,783.9726,8357.8264,0.0,9871.5931,2439.5847,0.0,0.0,353.82,15032660.0418
runs/CZ10/SFm&1&rDXGF&Ex&dxAC_equip/RB-dxAC_equip-spltAC-SEER-BA-rDXGF-NoLRM-22.5%UC-AOE/instance-out.sql,CZ10,SFm,weighted,rDXGF,Ex,dxAC_equip,,RB-dxAC_equip-spltAC-SEER-BA-rDXGF-NoLRM-22.5%UC-AOE,SFm&1&rDXGF&Ex&dxAC_equip,RB-dxAC_equip-spltAC-SEER-BA-rDXGF-NoLRM-22.5%UC-AOE,46.2434,94.8914,38419.9222,79010.8664,38419.9222,6169.0504,4899.7538,1648.6988,457.71,13011.1496,0.0,490.7558,0.0,0.0,0.0,0.0,11742.8038,0.0,0.0,0.0,4899.7538,6169.0504,0.0,10440.5142,2570.6354,0.0,0.0,383.52,27898119.4651
runs/CZ11/SFm&1&rDXGF&Ex&dxAC_equip/RB-dxAC_equip-spltAC-SEER-BA-rDXGF-NoLRM-22.5%UC-AOE/instance-out.sql,CZ11,SFm,weighted,rDXGF,Ex,dxAC_equip,,RB-dxAC_equip-spltAC-SEER-BA-rDXGF-NoLRM-22.5%UC-AOE,SFm&1&rDXGF&Ex&dxAC_equip,RB-dxAC_equip-spltAC-SEER-BA-rDXGF-NoLRM-22.5%UC-AOE,55.2265,107.8332,44640.5764,87256.0183,44640.5764,11794.1462,6426.0995,1607.4422,457.71,11802.1074,0.0,709.4046,0.0,0.0,0.0,0.0,11843.6565,0.0,0.0,0.0,6426.0995,11794.1462,0.0,9457.8323,2344.2751,0.0,0.0,332.22,32206268.3538
runs/CZ12/SFm&1&rDXGF&Ex&dxAC_equip/RB-dxAC_equip-spltAC-SEER-BA-rDXGF-NoLRM-22.5%UC-AOE/instance-out.sql,CZ12,SFm,weighted,rDXGF,Ex,dxAC_equip,,RB-dxAC_equip-spltAC-SEER-BA-rDXGF-NoLRM-22.5%UC-AOE,SFm&1&rDXGF&Ex&dxAC_equip,RB-dxAC_equip-spltAC-SEER-BA-rDXGF-NoLRM-22.5%UC-AOE,52.273,96.3776,42237.8449,77892.1461,42237.8449,12519.5386,3466.9358,1607.4422,457.71,11802.1074,0.0,423.583,0.0,0.0,0.0,0.0,11960.531,0.0,0.0,0.0,3466.9358,12519.5386,0.0,9457.8323,2344.2751,0.0,0.0,332.22,25373131.2089
runs/CZ13/SFm&1&rDXGF&Ex&dxAC_equip/RB-dxAC_equip-spltAC-SEER-BA-rDXGF-NoLRM-22.5%UC-AOE/instance-out.sql,CZ13,SFm,weighted,rDXGF,Ex,dxAC_equip,,RB-dxAC_equip-spltAC-SEER-BA-rDXGF-NoLRM-22.5%UC-AOE,SFm&1&rDXGF&Ex&dxAC_equip,RB-dxAC_equip-spltAC-SEER-BA-rDXGF-NoLRM-22.5%UC-AOE,58.1205,116.504,47052.4187,94427.6519,47052.4241,12097.2126,8452.1826,1607.4422,457.71,11802.1074,0.0,871.129,0.0,0.0,0.0,0.0,11764.6349,0.0,0.0,0.0,8452.1826,12097.2126,0.0,9457.8323,2344.2751,0.0,0.0,332.22,38538652.3601
runs/CZ14/SFm&1&rDXGF&Ex&dxAC_equip/RB-dxAC_equip-spltAC-SEER-BA-rDXGF-NoLRM-22.5%UC-AOE/instance-out.sql,CZ14,SFm,weighted,rDXGF,Ex,dxAC_equip,,RB-dxAC_equip-spltAC-SEER-BA-rDXGF-NoLRM-22.5%UC-AOE,SFm&1&rDXGF&Ex&dxAC_equip,RB-dxAC_equip-spltAC-SEER-BA-rDXGF-NoLRM-22.5%UC-AOE,55.8256,101.422,44185.9364,80281.718,44185.9364,14590.9732,4086.6328,1583.5568,457.71,11102.1356,0.0,530.0788,0.0,0.0,0.0,0.0,11834.848,0.0,0.0,0.0,4086.6328,14590.9732,0.0,8888.9112,2213.2244,0.0,0.0,302.52,18937241.055
runs/CZ15/SFm&1&rDXGF&Ex&dxAC_equip/RB-dxAC_equip-spltAC-SEER-BA-rDXGF-NoLRM-22.5%UC-AOE/instance-out.sql,CZ15,SFm,weighted,rDXGF,Ex,dxAC_equip,,RB-dxAC_equip-spltAC-SEER-BA-rDXGF-NoLRM-22.5%UC-AOE,SFm&1&rDXGF&Ex&dxAC_equip,RB-dxAC_equip-spltAC-SEER-BA-rDXGF-NoLRM-22.5%UC-AOE,54.9872,128.9276,43507.0928,102200.6948,43507.1016,3537.67,14259.2164,1583.5568,457.71,11102.1356,0.0,1233.5556,0.0,0.0,0.0,0.0,11333.246,0.0,0.0,0.0,14259.2164,3537.67,0.0,8888.9112,2213.2244,0.0,0.0,302.52,43317236.107
runs/CZ16/SFm&1&rDXGF&Ex&dxAC_equip/RB-dxAC_equip-spltAC-SEER-BA-rDXGF-NoLRM-22.5%UC-AOE/instance-out.sql,CZ16,SFm,weighted,rDXGF,Ex,dxAC_equip,,RB-dxAC_equip-spltAC-SEER-BA-rDXGF-NoLRM-22.5%UC-AOE,SFm&1&rDXGF&Ex&dxAC_equip,RB-dxAC_equip-spltAC-SEER-BA-rDXGF-NoLRM-22.5%UC-AOE,44.3145,81.3491,36099.0501,66315.0178,36099.0501,8357.8264,860.9754,1624.8134,457.71,12311.1778,0.0,235.1448,0.0,0.0,0.0,0.0,12251.3992,0.0,0.0,0.0,860.9754,8357.8264,0.0,9871.5931,2439.5847,0.0,0.0,353.82,15733824.9482
runs/CZ10/SFm&1&rDXGF&Ex&dxAC_equip/RB-dxAC_equip-spltAC-SEER-BA-rDXGF-NoLRM-30%UC-AOE/instance-out.sql,CZ10,SFm,weighted,rDXGF,Ex,dxAC_equip,,RB-dxAC_equip-spltAC-SEER-BA-rDXGF-NoLRM-30%UC-AOE,SFm&1&rDXGF&Ex&dxAC_equip,RB-dxAC_equip-spltAC-SEER-BA-rDXGF-NoLRM-30%UC-AOE,46.7592,96.5298,38858.1298,80398.6706,38858.1298,6169.0504,5337.9572,1648.6988,457.71,13011.1496,0.0,490.7558,0.0,0.0,0.0,0.0,11742.8038,0.0,0.0,0.0,5337.9572,6169.0504,0.0,10440.5142,2570.6354,0.0,0.0,383.52,29606856.2791
runs/CZ11/SFm&1&rDXGF&Ex&dxAC_equip/RB-dxAC_equip-spltAC-SEER-BA-rDXGF-NoLRM-30%UC-AOE/instance-out.sql,CZ11,SFm,weighted,rDXGF,Ex,dxAC_equip,,RB-dxAC_equip-spltAC-SEER-BA-rDXGF-NoLRM-30%UC-AOE,SFm&1&rDXGF&Ex&dxAC_equip,RB-dxAC_equip-spltAC-SEER-BA-rDXGF-NoLRM-30%UC-AOE,55.9213,110.056,45215.2956,89076.1484,45215.2956,11794.1462,7000.8164,1607.4422,457.71,11802.1074,0.0,709.4046,0.0,0.0,0.0,0.0,11843.6565,0.0,0.0,0.0,7000.8164,11794.1462,0.0,9457.8323,2344.2751,0.0,0.0,332.22,34317282.4508
runs/CZ12/SFm&1&rDXGF&Ex&dxAC_equip/RB-dxAC_equip-spltAC-SEER-BA-rDXGF-NoLRM-30%UC-AOE/instance-out.sql,CZ12,SFm,weighted,rDXGF,Ex,dxAC_equip,,RB-dxAC_equip-spltAC-SEER-BA-rDXGF-NoLRM-30%UC-AOE,SFm&1&rDXGF&Ex&dxAC_equip,RB-dxAC_equip-spltAC-SEER-BA-rDXGF-NoLRM-30%UC-AOE,52.6542,97.5696,42547.9051,78874.1142,42547.9128,12519.5386,3776.996,1607.4422,457.71,11802.1074,0.0,423.583,0.0,0.0,0.0,0.0,11960.531,0.0,0.0,0.0,3776.996,12519.5386,0.0,9457.8323,2344.2751,0.0,0.0,332.22,26924956.4125
runs/CZ13/SFm&1&rDXGF&Ex&dxAC_equip/RB-dxAC_equip-spltAC-SEER-BA-rDXGF-NoLRM-30%UC-AOE/instance-out.sql,CZ13,SFm,weighted,rDXGF,Ex,dxAC_equip,,RB-dxAC_equip-spltAC-SEER-BA-rDXGF-NoLRM-30%UC-AOE,SFm&1&rDXGF&Ex&dxAC_equip,RB-dxAC_equip-spltAC-SEER-BA-rDXGF-NoLRM-30%UC-AOE,59.0428,119.4177,47808.3393,96821.6452,47808.3393,12097.2126,9208.0955,1607.4422,457.71,11802.1074,0.0,871.129,0.0,0.0,0.0,0.0,11764.6349,0.0,0.0,0.0,9208.0955,12097.2126,0.0,9457.8323,2344.2751,0.0,0.0,332.22,41183360.965
runs/CZ14/SFm&1&rDXGF&Ex&dxAC_equip/RB-dxAC_equip-spltAC-SEER-BA-rDXGF-NoLRM-30%UC-AOE/instance-out.sql,CZ14,SFm,weighted,rDXGF,Ex,dxAC_equip,,RB-dxAC_equip-spltAC-SEER-BA-rDXGF-NoLRM-30%UC-AOE,SFm&1&rDXGF&Ex&dxAC_equip,RB-dxAC_equip-spltAC-SEER-BA-rDXGF-NoLRM-30%UC-AOE,56.2876,102.8624,44551.422,81439.2156,44551.422,14590.9732,4452.1184,1583.5568,457.71,11102.1356,0.0,530.0788,0.0,0.0,0.0,0.0,11834.848,0.0,0.0,0.0,4452.1184,14590.9732,0.0,8888.9112,2213.2244,0.0,0.0,302.52,19971357.9737
runs/CZ15/SFm&1&rDXGF&Ex&dxAC_equip/RB-dxAC_equip-spltAC-SEER-BA-rDXGF-NoLRM-30%UC-AOE/instance-out.sql,CZ15,SFm,weighted,rDXGF,Ex,dxAC_equip,,RB-dxAC_equip-spltAC-SEER-BA-rDXGF-NoLRM-30%UC-AOE,SFm&1&rDXGF&Ex&dxAC_equip,RB-dxAC_equip-spltAC-SEER-BA-rDXGF-NoLRM-30%UC-AOE,56.5908,133.9844,44782.3624,106239.4704,44782.3712,3537.67,15534.486,1583.5568,457.71,11102.1356,0.0,1233.5556,0.0,0.0,0.0,0.0,11333.246,0.0,0.0,0.0,15534.486,3537.67,0.0,8888.9112,2213.2244,0.0,0.0,302.52,46390973.9582
runs/CZ16/SFm&1&rDXGF&Ex&dxAC_equip/RB-dxAC_equip-spltAC-SEER-BA-rDXGF-NoLRM-30%UC-AOE/instance-out.sql,CZ16,SFm,weighted,rDXGF,Ex,dxAC_equip,,RB-dxAC_equip-spltAC-SEER-BA-rDXGF-NoLRM-30%UC-AOE,SFm&1&rDXGF&Ex&dxAC_equip,RB-dxAC_equip-spltAC-SEER-BA-rDXGF-NoLRM-30%UC-AOE,44.4124,81.6421,36176.0529,66558.8747,36176.0498,8357.8264,937.9751,1624.8134,457.71,12311.1778,0.0,235.1448,0.0,0.0,0.0,0.0,12251.3992,0.0,0.0,0.0,937.9751,8357.8264,0.0,9871.5931,2439.5847,0.0,0.0,353.82,16434989.8498
runs/CZ10/SFm&1&rDXGF&Ex&dxAC_equip/RB-dxAC_equip-spltAC-SEER-BA-rDXGF-NoLRM-40%UC-AOE/instance-out.sql,CZ10,SFm,weighted,rDXGF,Ex,dxAC_equip,,RB-dxAC_equip-spltAC-SEER-BA-rDXGF-NoLRM-40%UC-AOE,SFm&1&rDXGF&Ex&dxAC_equip,RB-dxAC_equip-spltAC-SEER-BA-rDXGF-NoLRM-40%UC-AOE,47.448,98.7124,39442.4068,82249.0718,39442.4068,6169.0504,5922.2326,1648.6988,457.71,13011.1496,0.0,490.7558,0.0,0.0,0.0,0.0,11742.8038,0.0,0.0,0.0,5922.2326,6169.0504,0.0,10440.5142,2570.6354,0.0,0.0,383.52,31885172.0441
runs/CZ11/SFm&1&rDXGF&Ex&dxAC_equip/RB-dxAC_equip-spltAC-SEER-BA-rDXGF-NoLRM-40%UC-AOE/instance-out.sql,CZ11,SFm,weighted,rDXGF,Ex,dxAC_equip,,RB-dxAC_equip-spltAC-SEER-BA-rDXGF-NoLRM-40%UC-AOE,SFm&1&rDXGF&Ex&dxAC_equip,RB-dxAC_equip-spltAC-SEER-BA-rDXGF-NoLRM-40%UC-AOE,56.859,113.0105,45981.5771,91502.9811,45981.5771,11794.1462,7767.1079,1607.4422,457.71,11802.1074,0.0,709.4046,0.0,0.0,0.0,0.0,11843.6565,0.0,0.0,0.0,7767.1079,11794.1462,0.0,9457.8323,2344.2751,0.0,0.0,332.22,37131967.9294
runs/CZ12/SFm&1&rDXGF&Ex&dxAC_equip/RB-dxAC_equip-spltAC-SEER-BA-rDXGF-NoLRM-40%UC-AOE/instance-out.sql,CZ12,SFm,weighted,rDXGF,Ex,dxAC_equip,,RB-dxAC_equip-spltAC-SEER-BA-rDXGF-NoLRM-40%UC-AOE,SFm&1&rDXGF&Ex&dxAC_equip,RB-dxAC_equip-spltAC-SEER-BA-rDXGF-NoLRM-40%UC-AOE,53.1576,99.1651,42961.3282,80183.415,42961.3282,12519.5386,4190.4214,1607.4422,457.71,11802.1074,0.0,423.583,0.0,0.0,0.0,0.0,11960.531,0.0,0.0,0.0,4190.4214,12519.5386,0.0,9457.8323,2344.2751,0.0,0.0,332.22,28994056.6957
runs/CZ13/SFm&1&rDXGF&Ex&dxAC_equip/RB-dxAC_equip-spltAC-SEER-BA-rDXGF-NoLRM-40%UC-AOE/instance-out.sql,CZ13,SFm,weighted,rDXGF,Ex,dxAC_equip,,RB-dxAC_equip-spltAC-SEER-BA-rDXGF-NoLRM-40%UC-AOE,SFm&1&rDXGF&Ex&dxAC_equip,RB-dxAC_equip-spltAC-SEER-BA-rDXGF-NoLRM-40%UC-AOE,60.2633,123.3075,48816.2265,100013.6355,48816.2342,12097.2126,10215.9904,1607.4422,457.71,11802.1074,0.0,871.129,0.0,0.0,0.0,0.0,11764.6349,0.0,0.0,0.0,10215.9904,12097.2126,0.0,9457.8323,2344.2751,0.0,0.0,332.22,44709639.125
runs/CZ14/SFm&1&rDXGF&Ex&dxAC_equip/RB-dxAC_equip-spltAC-SEER-BA-rDXGF-NoLRM-40%UC-AOE/instance-out.sql,CZ14,SFm,weighted,rDXGF,Ex,dxAC_equip,,RB-dxAC_equip-spltAC-SEER-BA-rDXGF-NoLRM-40%UC-AOE,SFm&1&rDXGF&Ex&dxAC_equip,RB-dxAC_equip-spltAC-SEER-BA-rDXGF-NoLRM-40%UC-AOE,56.8948,104.7896,45038.7336,82982.5444,45038.7336,14590.9732,4939.43,1583.5568,457.71,11102.1356,0.0,530.0788,0.0,0.0,0.0,0.0,11834.848,0.0,0.0,0.0,4939.43,14590.9732,0.0,8888.9112,2213.2244,0.0,0.0,302.52,21350180.5398
runs/CZ15/SFm&1&rDXGF&Ex&dxAC_equip/RB-dxAC_equip-spltAC-SEER-BA-rDXGF-NoLRM-40%UC-AOE/instance-out.sql,CZ15,SFm,weighted,rDXGF,Ex,dxAC_equip,,RB-dxAC_equip-spltAC-SEER-BA-rDXGF-NoLRM-40%UC-AOE,SFm&1&rDXGF&Ex&dxAC_equip,RB-dxAC_equip-spltAC-SEER-BA-rDXGF-NoLRM-40%UC-AOE,58.7164,140.7356,46482.724,111624.502,46482.7252,3537.67,17234.8488,1583.5568,457.71,11102.1356,0.0,1233.5556,0.0,0.0,0.0,0.0,11333.246,0.0,0.0,0.0,17234.8488,3537.67,0.0,8888.9112,2213.2244,0.0,0.0,302.52,50489291.1164
runs/CZ16/SFm&1&rDXGF&Ex&dxAC_equip/RB-dxAC_equip-spltAC-SEER-BA-rDXGF-NoLRM-40%UC-AOE/instance-out.sql,CZ16,SFm,weighted,rDXGF,Ex,dxAC_equip,,RB-dxAC_equip-spltAC-SEER-BA-rDXGF-NoLRM-40%UC-AOE,SFm&1&rDXGF&Ex&dxAC_equip,RB-dxAC_equip-spltAC-SEER-BA-rDXGF-NoLRM-40%UC-AOE,44.5327,82.033,36278.7179,66884.0254,36278.7179,8357.8264,1040.6432,1624.8134,457.71,12311.1778,0.0,235.1448,0.0,0.0,0.0,0.0,12251.3992,0.0,0.0,0.0,1040.6432,8357.8264,0.0,9871.5931,2439.5847,0.0,0.0,353.82,17369876.3907
runs/CZ10/SFm&1&rDXGF&Ex&dxAC_equip/RB-dxAC_equip-spltAC-SEER-BA-rDXGF-NoLRM-7.5%UC-AOE/instance-out.sql,CZ10,SFm,weighted,rDXGF,Ex,dxAC_equip,,RB-dxAC_equip-spltAC-SEER-BA-rDXGF-NoLRM-7.5%UC-AOE,SFm&1&rDXGF&Ex&dxAC_equip,RB-dxAC_equip-spltAC-SEER-BA-rDXGF-NoLRM-7.5%UC-AOE,45.2102,91.622,37543.5054,76235.258,37543.5054,6169.0504,4023.337,1648.6988,457.71,13011.1496,0.0,490.7558,0.0,0.0,0.0,0.0,11742.8038,0.0,0.0,0.0,4023.337,6169.0504,0.0,10440.5142,2570.6354,0.0,0.0,383.52,24480645.8156
runs/CZ11/SFm&1&rDXGF&Ex&dxAC_equip/RB-dxAC_equip-spltAC-SEER-BA-rDXGF-NoLRM-7.5%UC-AOE/instance-out.sql,CZ11,SFm,weighted,rDXGF,Ex,dxAC_equip,,RB-dxAC_equip-spltAC-SEER-BA-rDXGF-NoLRM-7.5%UC-AOE,SFm&1&rDXGF&Ex&dxAC_equip,RB-dxAC_equip-spltAC-SEER-BA-rDXGF-NoLRM-7.5%UC-AOE,53.8238,103.3976,43491.148,83615.7681,43491.148,11794.1462,5276.6688,1607.4422,457.71,11802.1074,0.0,709.4046,0.0,0.0,0.0,0.0,11843.6565,0.0,0.0,0.0,5276.6688,11794.1462,0.0,9457.8323,2344.2751,0.0,0.0,332.22,27984240.1333
runs/CZ12/SFm&1&rDXGF&Ex&dxAC_equip/RB-dxAC_equip-spltAC-SEER-BA-rDXGF-NoLRM-7.5%UC-AOE/instance-out.sql,CZ12,SFm,weighted,rDXGF,Ex,dxAC_equip,,RB-dxAC_equip-spltAC-SEER-BA-rDXGF-NoLRM-7.5%UC-AOE,SFm&1&rDXGF&Ex&dxAC_equip,RB-dxAC_equip-spltAC-SEER-BA-rDXGF-NoLRM-7.5%UC-AOE,51.5206,93.9936,41617.7168,75928.1999,41617.7168,12519.5386,2846.8077,1607.4422,457.71,11802.1074,0.0,423.583,0.0,0.0,0.0,0.0,11960.531,0.0,0.0,0.0,2846.8077,12519.5386,0.0,9457.8323,2344.2751,0.0,0.0,332.22,22269480.7822
runs/CZ13/SFm&1&rDXGF&Ex&dxAC_equip/RB-dxAC_equip-spltAC-SEER-BA-rDXGF-NoLRM-7.5%UC-AOE/instance-out.sql,CZ13,SFm,weighted,rDXGF,Ex,dxAC_equip,,RB-dxAC_equip-spltAC-SEER-BA-rDXGF-NoLRM-7.5%UC-AOE,SFm&1&rDXGF&Ex&dxAC_equip,RB-dxAC_equip-spltAC-SEER-BA-rDXGF-NoLRM-7.5%UC-AOE,56.2782,110.6743,45540.5829,89639.6707,45540.5829,12097.2126,6940.3468,1607.4422,457.71,11802.1074,0.0,871.129,0.0,0.0,0.0,0.0,11764.6349,0.0,0.0,0.0,6940.3468,12097.2126,0.0,9457.8323,2344.2751,0.0,0.0,332.22,33249235.1169
runs/CZ14/SFm&1&rDXGF&Ex&dxAC_equip/RB-dxAC_equip-spltAC-SEER-BA-rDXGF-NoLRM-7.5%UC-AOE/instance-out.sql,CZ14,SFm,weighted,rDXGF,Ex,dxAC_equip,,RB-dxAC_equip-spltAC-SEER-BA-rDXGF-NoLRM-7.5%UC-AOE,SFm&1&rDXGF&Ex&dxAC_equip,RB-dxAC_equip-spltAC-SEER-BA-rDXGF-NoLRM-7.5%UC-AOE,54.9116,98.5236,43454.9564,77966.7304,43454.9652,14590.9732,3355.6616,1583.5568,457.71,11102.1356,0.0,530.0788,0.0,0.0,0.0,0.0,11834.848,0.0,0.0,0.0,3355.6616,14590.9732,0.0,8888.9112,2213.2244,0.0,0.0,302.52,16869007.2045
runs/CZ15/SFm&1&rDXGF&Ex&dxAC_equip/RB-dxAC_equip-spltAC-SEER-BA-rDXGF-NoLRM-7.5%UC-AOE/instance-out.sql,CZ15,SFm,weighted,rDXGF,Ex,dxAC_equip,,RB-dxAC_equip-spltAC-SEER-BA-rDXGF-NoLRM-7.5%UC-AOE,SFm&1&rDXGF&Ex&dxAC_equip,RB-dxAC_equip-spltAC-SEER-BA-rDXGF-NoLRM-7.5%UC-AOE,51.8,118.8052,40956.5624,94123.1424,40956.5624,3537.67,11708.686,1583.5568,457.71,11102.1356,0.0,1233.5556,0.0,0.0,0.0,0.0,11333.246,0.0,0.0,0.0,11708.686,3537.67,0.0,8888.9112,2213.2244,0.0,0.0,302.52,37169760.3659
runs/CZ16/SFm&1&rDXGF&Ex&dxAC_equip/RB-dxAC_equip-spltAC-SEER-BA-rDXGF-NoLRM-7.5%UC-AOE/instance-out.sql,CZ16,SFm,weighted,rDXGF,Ex,dxAC_equip,,RB-dxAC_equip-spltAC-SEER-BA-rDXGF-NoLRM-7.5%UC-AOE,SFm&1&rDXGF&Ex&dxAC_equip,RB-dxAC_equip-spltAC-SEER-BA-rDXGF-NoLRM-7.5%UC-AOE,44.1325,80.7631,35945.0445,65827.2902,35945.0445,8357.8264,706.9698,1624.8134,457.71,12311.1778,0.0,235.1448,0.0,0.0,0.0,0.0,12251.3992,0.0,0.0,0.0,706.9698,8357.8264,0.0,9871.5931,2439.5847,0.0,0.0,353.82,14331495.136
runs/CZ10/SFm&1&rDXHP&Ex&dxHP_equip/RB-dxHP_equip-spltHP-SEER-BA-rDXHP-LRM-LSC-AOE/instance-out.sql,CZ10,SFm,weighted,rDXHP,Ex,dxHP_equip,,RB-dxHP_equip-spltHP-SEER-BA-rDXHP-LRM-LSC-AOE,SFm&1&rDXHP&Ex&dxHP_equip,RB-dxHP_equip-spltHP-SEER-BA-rDXHP-LRM-LSC-AOE,40.7522,92.6386,33741.9818,77046.5098,33741.9818,3046.8508,3275.4058,1648.6988,457.71,13011.1496,0.0,559.62,0.0,0.0,0.0,0.0,11742.5384,0.0,0.0,3046.8508,3275.4058,0.0,0.0,10440.5142,2570.6354,0.0,0.0,383.52,21564428.4312
runs/CZ11/SFm&1&rDXHP&Ex&dxHP_equip/RB-dxHP_equip-spltHP-SEER-BA-rDXHP-LRM-LSC-AOE/instance-out.sql,CZ11,SFm,weighted,rDXHP,Ex,dxHP_equip,,RB-dxHP_equip-spltHP-SEER-BA-rDXHP-LRM-LSC-AOE,SFm&1&rDXHP&Ex&dxHP_equip,RB-dxHP_equip-spltHP-SEER-BA-rDXHP-LRM-LSC-AOE,45.5929,107.2409,36693.7529,86656.0723,36693.7506,5840.494,4295.8052,1607.4422,457.71,11802.1074,0.0,846.7408,0.0,0.0,0.0,0.0,11843.4564,0.0,0.0,5840.494,4295.8052,0.0,0.0,9457.8323,2344.2751,0.0,0.0,332.22,24381480.5625
runs/CZ12/SFm&1&rDXHP&Ex&dxHP_equip/RB-dxHP_equip-spltHP-SEER-BA-rDXHP-LRM-LSC-AOE/instance-out.sql,CZ12,SFm,weighted,rDXHP,Ex,dxHP_equip,,RB-dxHP_equip-spltHP-SEER-BA-rDXHP-LRM-LSC-AOE,SFm&1&rDXHP&Ex&dxHP_equip,RB-dxHP_equip-spltHP-SEER-BA-rDXHP-LRM-LSC-AOE,43.7915,101.2445,35234.5553,81791.7623,35234.5553,6537.3241,2317.6211,1607.4422,457.71,11802.1074,0.0,552.2254,0.0,0.0,0.0,0.0,11960.1305,0.0,0.0,6537.3241,2317.6211,0.0,0.0,9457.8323,2344.2751,0.0,0.0,332.22,19621222.6918
runs/CZ13/SFm&1&rDXHP&Ex&dxHP_equip/RB-dxHP_equip-spltHP-SEER-BA-rDXHP-LRM-LSC-AOE/instance-out.sql,CZ13,SFm,weighted,rDXHP,Ex,dxHP_equip,,RB-dxHP_equip-spltHP-SEER-BA-rDXHP-LRM-LSC-AOE,SFm&1&rDXHP&Ex&dxHP_equip,RB-dxHP_equip-spltHP-SEER-BA-rDXHP-LRM-LSC-AOE,47.5173,113.556,38301.7138,91912.4104,38301.7138,6009.4449,5650.2717,1607.4422,457.71,11802.1074,0.0,1009.9853,0.0,0.0,0.0,0.0,11764.75,0.0,0.0,6009.4449,5650.2717,0.0,0.0,9457.8323,2344.2751,0.0,0.0,332.22,28735627.4763
runs/CZ14/SFm&1&rDXHP&Ex&dxHP_equip/RB-dxHP_equip-spltHP-SEER-BA-rDXHP-LRM-LSC-AOE/instance-out.sql,CZ14,SFm,weighted,rDXHP,Ex,dxHP_equip,,RB-dxHP_equip-spltHP-SEER-BA-rDXHP-LRM-LSC-AOE,SFm&1&rDXHP&Ex&dxHP_equip,RB-dxHP_equip-spltHP-SEER-BA-rDXHP-LRM-LSC-AOE,46.134,108.7192,36397.0408,86007.5192,36397.0308,7972.0844,2731.856,1583.5568,457.71,11102.1356,0.0,714.9596,0.0,0.0,0.0,0.0,11834.7284,0.0,0.0,7972.0844,2731.856,0.0,0.0,8888.9112,2213.2244,0.0,0.0,302.52,15104208.4837
runs/CZ15/SFm&1&rDXHP&Ex&dxHP_equip/RB-dxHP_equip-spltHP-SEER-BA-rDXHP-LRM-LSC-AOE/instance-out.sql,CZ15,SFm,weighted,rDXHP,Ex,dxHP_equip,,RB-dxHP_equip-spltHP-SEER-BA-rDXHP-LRM-LSC-AOE,SFm&1&rDXHP&Ex&dxHP_equip,RB-dxHP_equip-spltHP-SEER-BA-rDXHP-LRM-LSC-AOE,46.8964,112.4688,37030.0648,89056.6512,37030.0648,1739.264,9532.1804,1583.5568,457.71,11102.1356,0.0,1281.842,0.0,0.0,0.0,0.0,11333.3672,0.0,0.0,1739.264,9532.1804,0.0,0.0,8888.9112,2213.2244,0.0,0.0,302.52,31923937.5894
runs/CZ16/SFm&1&rDXHP&Ex&dxHP_equip/RB-dxHP_equip-spltHP-SEER-BA-rDXHP-LRM-LSC-AOE/instance-out.sql,CZ16,SFm,weighted,rDXHP,Ex,dxHP_equip,,RB-dxHP_equip-spltHP-SEER-BA-rDXHP-LRM-LSC-AOE,SFm&1&rDXHP&Ex&dxHP_equip,RB-dxHP_equip-spltHP-SEER-BA-rDXHP-LRM-LSC-AOE,39.581,87.3444,32150.1513,71217.5504,32150.1482,4539.0564,575.5656,1624.8134,457.71,12311.1778,0.0,390.1175,0.0,0.0,0.0,0.0,12251.7113,0.0,0.0,4539.0564,575.5656,0.0,0.0,9871.5931,2439.5847,0.0,0.0,353.82,13134871.2472
runs/CZ10/SFm&1&rDXHP&Ex&dxHP_equip/RB-dxHP_equip-spltHP-SEER-BA-rDXHP-LRM-LSC-NC/instance-out.sql,CZ10,SFm,weighted,rDXHP,Ex,dxHP_equip,,RB-dxHP_equip-spltHP-SEER-BA-rDXHP-LRM-LSC-NC,SFm&1&rDXHP&Ex&dxHP_equip,RB-dxHP_equip-spltHP-SEER-BA-rDXHP-LRM-LSC-NC,39.659,89.1702,32816.1958,74114.5676,32816.2,2441.2946,2955.1844,1648.6988,457.71,13011.1496,0.0,559.62,0.0,0.0,0.0,0.0,11742.5384,0.0,0.0,2441.2946,2955.1844,0.0,0.0,10440.5142,2570.6354,0.0,0.0,383.52,20315741.3645
runs/CZ11/SFm&1&rDXHP&Ex&dxHP_equip/RB-dxHP_equip-spltHP-SEER-BA-rDXHP-LRM-LSC-NC/instance-out.sql,CZ11,SFm,weighted,rDXHP,Ex,dxHP_equip,,RB-dxHP_equip-spltHP-SEER-BA-rDXHP-LRM-LSC-NC,SFm&1&rDXHP&Ex&dxHP_equip,RB-dxHP_equip-spltHP-SEER-BA-rDXHP-LRM-LSC-NC,43.6758,101.1937,35132.3997,81711.2508,35132.3997,4699.1156,3875.8227,1607.4422,457.71,11802.1074,0.0,846.7408,0.0,0.0,0.0,0.0,11843.4564,0.0,0.0,4699.1156,3875.8227,0.0,0.0,9457.8323,2344.2751,0.0,0.0,332.22,22838822.4674
runs/CZ12/SFm&1&rDXHP&Ex&dxHP_equip/RB-dxHP_equip-spltHP-SEER-BA-rDXHP-LRM-LSC-NC/instance-out.sql,CZ12,SFm,weighted,rDXHP,Ex,dxHP_equip,,RB-dxHP_equip-spltHP-SEER-BA-rDXHP-LRM-LSC-NC,SFm&1&rDXHP&Ex&dxHP_equip,RB-dxHP_equip-spltHP-SEER-BA-rDXHP-LRM-LSC-NC,41.9391,95.3791,33717.8756,76988.4391,33717.8756,5247.2276,2091.0402,1607.4422,457.71,11802.1074,0.0,552.2254,0.0,0.0,0.0,0.0,11960.1305,0.0,0.0,5247.2276,2091.0402,0.0,0.0,9457.8323,2344.2751,0.0,0.0,332.22,18487186.8467
runs/CZ13/SFm&1&rDXHP&Ex&dxHP_equip/RB-dxHP_equip-spltHP-SEER-BA-rDXHP-LRM-LSC-NC/instance-out.sql,CZ13,SFm,weighted,rDXHP,Ex,dxHP_equip,,RB-dxHP_equip-spltHP-SEER-BA-rDXHP-LRM-LSC-NC,SFm&1&rDXHP&Ex&dxHP_equip,RB-dxHP_equip-spltHP-SEER-BA-rDXHP-LRM-LSC-NC,45.3959,106.829,36561.6082,86401.514,36561.6182,4821.7464,5097.8669,1607.4422,457.71,11802.1074,0.0,1009.9853,0.0,0.0,0.0,0.0,11764.75,0.0,0.0,4821.7464,5097.8669,0.0,0.0,9457.8323,2344.2751,0.0,0.0,332.22,26802965.0891
runs/CZ14/SFm&1&rDXHP&Ex&dxHP_equip/RB-dxHP_equip-spltHP-SEER-BA-rDXHP-LRM-LSC-NC/instance-out.sql,CZ14,SFm,weighted,rDXHP,Ex,dxHP_equip,,RB-dxHP_equip-spltHP-SEER-BA-rDXHP-LRM-LSC-NC,SFm&1&rDXHP&Ex&dxHP_equip,RB-dxHP_equip-spltHP-SEER-BA-rDXHP-LRM-LSC-NC,43.8508,101.5004,34579.1188,80250.186,34579.1188,6421.258,2464.778,1583.5568,457.71,11102.1356,0.0,714.9596,0.0,0.0,0.0,0.0,11834.7284,0.0,0.0,6421.258,2464.778,0.0,0.0,8888.9112,2213.2244,0.0,0.0,302.52,14348503.9406
runs/CZ15/SFm&1&rDXHP&Ex&dxHP_equip/RB-dxHP_equip-spltHP-SEER-BA-rDXHP-LRM-LSC-NC/instance-out.sql,CZ15,SFm,weighted,rDXHP,Ex,dxHP_equip,,RB-dxHP_equip-spltHP-SEER-BA-rDXHP-LRM-LSC-NC,SFm&1&rDXHP&Ex&dxHP_equip,RB-dxHP_equip-spltHP-SEER-BA-rDXHP-LRM-LSC-NC,45.2892,107.3976,35750.3028,85003.6384,35750.3028,1391.4144,8600.2668,1583.5568,457.71,11102.1356,0.0,1281.842,0.0,0.0,0.0,0.0,11333.3672,0.0,0.0,1391.4144,8600.2668,0.0,0.0,8888.9112,2213.2244,0.0,0.0,302.52,29677756.2184
runs/CZ16/SFm&1&rDXHP&Ex&dxHP_equip/RB-dxHP_equip-spltHP-SEER-BA-rDXHP-LRM-LSC-NC/instance-out.sql,CZ16,SFm,weighted,rDXHP,Ex,dxHP_equip,,RB-dxHP_equip-spltHP-SEER-BA-rDXHP-LRM-LSC-NC,SFm&1&rDXHP&Ex&dxHP_equip,RB-dxHP_equip-spltHP-SEER-BA-rDXHP-LRM-LSC-NC,38.6061,84.2501,31342.5832,68659.9961,31342.5832,3787.7548,519.2922,1624.8134,457.71,12311.1778,0.0,390.1175,0.0,0.0,0.0,0.0,12251.7113,0.0,0.0,3787.7548,519.2922,0.0,0.0,9871.5931,2439.5847,0.0,0.0,353.82,12622482.001
runs/CZ10/SFm&1&rDXHP&Ex&dxHP_equip/RB-dxHP_equip-spltHP-SEER-BA-rDXHP-LRM-LSC-NR/instance-out.sql,CZ10,SFm,weighted,rDXHP,Ex,dxHP_equip,,RB-dxHP_equip-spltHP-SEER-BA-rDXHP-LRM-LSC-NR,SFm&1&rDXHP&Ex&dxHP_equip,RB-dxHP_equip-spltHP-SEER-BA-rDXHP-LRM-LSC-NR,39.659,89.1702,32816.1958,74114.5676,32816.2,2441.2946,2955.1844,1648.6988,457.71,13011.1496,0.0,559.62,0.0,0.0,0.0,0.0,11742.5384,0.0,0.0,2441.2946,2955.1844,0.0,0.0,10440.5142,2570.6354,0.0,0.0,383.52,20315741.3645
runs/CZ11/SFm&1&rDXHP&Ex&dxHP_equip/RB-dxHP_equip-spltHP-SEER-BA-rDXHP-LRM-LSC-NR/instance-out.sql,CZ11,SFm,weighted,rDXHP,Ex,dxHP_equip,,RB-dxHP_equip-spltHP-SEER-BA-rDXHP-LRM-LSC-NR,SFm&1&rDXHP&Ex&dxHP_equip,RB-dxHP_equip-spltHP-SEER-BA-rDXHP-LRM-LSC-NR,43.6758,101.1937,35132.3997,81711.2508,35132.3997,4699.1156,3875.8227,1607.4422,457.71,11802.1074,0.0,846.7408,0.0,0.0,0.0,0.0,11843.4564,0.0,0.0,4699.1156,3875.8227,0.0,0.0,9457.8323,2344.2751,0.0,0.0,332.22,22838822.4674
runs/CZ12/SFm&1&rDXHP&Ex&dxHP_equip/RB-dxHP_equip-spltHP-SEER-BA-rDXHP-LRM-LSC-NR/instance-out.sql,CZ12,SFm,weighted,rDXHP,Ex,dxHP_equip,,RB-dxHP_equip-spltHP-SEER-BA-rDXHP-LRM-LSC-NR,SFm&1&rDXHP&Ex&dxHP_equip,RB-dxHP_equip-spltHP-SEER-BA-rDXHP-LRM-LSC-NR,41.9391,95.3791,33717.8756,76988.4391,33717.8756,5247.2276,2091.0402,1607.4422,457.71,11802.1074,0.0,552.2254,0.0,0.0,0.0,0.0,11960.1305,0.0,0.0,5247.2276,2091.0402,0.0,0.0,9457.8323,2344.2751,0.0,0.0,332.22,18487186.8467
runs/CZ13/SFm&1&rDXHP&Ex&dxHP_equip/RB-dxHP_equip-spltHP-SEER-BA-rDXHP-LRM-LSC-NR/instance-out.sql,CZ13,SFm,weighted,rDXHP,Ex,dxHP_equip,,RB-dxHP_equip-spltHP-SEER-BA-rDXHP-LRM-LSC-NR,SFm&1&rDXHP&Ex&dxHP_equip,RB-dxHP_equip-spltHP-SEER-BA-rDXHP-LRM-LSC-NR,45.3959,106.829,36561.6082,86401.514,36561.6182,4821.7464,5097.8669,1607.4422,457.71,11802.1074,0.0,1009.9853,0.0,0.0,0.0,0.0,11764.75,0.0,0.0,4821.7464,5097.8669,0.0,0.0,9457.8323,2344.2751,0.0,0.0,332.22,26802965.0891
runs/CZ14/SFm&1&rDXHP&Ex&dxHP_equip/RB-dxHP_equip-spltHP-SEER-BA-rDXHP-LRM-LSC-NR/instance-out.sql,CZ14,SFm,weighted,rDXHP,Ex,dxHP_equip,,RB-dxHP_equip-spltHP-SEER-BA-rDXHP-LRM-LSC-NR,SFm&1&rDXHP&Ex&dxHP_equip,RB-dxHP_equip-spltHP-SEER-BA-rDXHP-LRM-LSC-NR,43.8508,101.5004,34579.1188,80250.186,34579.1188,6421.258,2464.778,1583.5568,457.71,11102.1356,0.0,714.9596,0.0,0.0,0.0,0.0,11834.7284,0.0,0.0,6421.258,2464.778,0.0,0.0,8888.9112,2213.2244,0.0,0.0,302.52,14348503.9406
runs/CZ15/SFm&1&rDXHP&Ex&dxHP_equip/RB-dxHP_equip-spltHP-SEER-BA-rDXHP-LRM-LSC-NR/instance-out.sql,CZ15,SFm,weighted,rDXHP,Ex,dxHP_equip,,RB-dxHP_equip-spltHP-SEER-BA-rDXHP-LRM-LSC-NR,SFm&1&rDXHP&Ex&dxHP_equip,RB-dxHP_equip-spltHP-SEER-BA-rDXHP-LRM-LSC-NR,45.2892,107.3976,35750.3028,85003.6384,35750.3028,1391.4144,8600.2668,1583.5568,457.71,11102.1356,0.0,1281.842,0.0,0.0,0.0,0.0,11333.3672,0.0,0.0,1391.4144,8600.2668,0.0,0.0,8888.9112,2213.2244,0.0,0.0,302.52,29677756.2184
runs/CZ16/SFm&1&rDXHP&Ex&dxHP_equip/RB-dxHP_equip-spltHP-SEER-BA-rDXHP-LRM-LSC-NR/instance-out.sql,CZ16,SFm,weighted,rDXHP,Ex,dxHP_equip,,RB-dxHP_equip-spltHP-SEER-BA-rDXHP-LRM-LSC-NR,SFm&1&rDXHP&Ex&dxHP_equip,RB-dxHP_equip-spltHP-SEER-BA-rDXHP-LRM-LSC-NR,38.6061,84.2501,31342.5832,68659.9961,31342.5832,3787.7548,519.2922,1624.8134,457.71,12311.1778,0.0,390.1175,0.0,0.0,0.0,0.0,12251.7113,0.0,0.0,3787.7548,519.2922,0.0,0.0,9871.5931,2439.5847,0.0,0.0,353.82,12622482.001
runs/CZ10/SFm&1&rDXHP&Ex&dxHP_equip/RB-dxHP_equip-spltHP-SEER-BA-rDXHP-NoLRM-0%UC-AOE/instance-out.sql,CZ10,SFm,weighted,rDXHP,Ex,dxHP_equip,,RB-dxHP_equip-spltHP-SEER-BA-rDXHP-NoLRM-0%UC-AOE,SFm&1&rDXHP&Ex&dxHP_equip,RB-dxHP_equip-spltHP-SEER-BA-rDXHP-NoLRM-0%UC-AOE,40.9846,93.3568,33935.5614,77659.5772,33935.5598,2930.7708,3585.0696,1648.6988,457.71,13011.1496,0.0,559.62,0.0,0.0,0.0,0.0,11742.5384,0.0,0.0,2930.7708,3585.0696,0.0,0.0,10440.5142,2570.6354,0.0,0.0,383.52,22771938.1234
runs/CZ11/SFm&1&rDXHP&Ex&dxHP_equip/RB-dxHP_equip-spltHP-SEER-BA-rDXHP-NoLRM-0%UC-AOE/instance-out.sql,CZ11,SFm,weighted,rDXHP,Ex,dxHP_equip,,RB-dxHP_equip-spltHP-SEER-BA-rDXHP-NoLRM-0%UC-AOE,SFm&1&rDXHP&Ex&dxHP_equip,RB-dxHP_equip-spltHP-SEER-BA-rDXHP-NoLRM-0%UC-AOE,45.8196,107.9625,36881.0898,87249.3665,36881.0898,5621.6995,4701.9366,1607.4422,457.71,11802.1074,0.0,846.7408,0.0,0.0,0.0,0.0,11843.4564,0.0,0.0,5621.6995,4701.9366,0.0,0.0,9457.8323,2344.2751,0.0,0.0,332.22,25873267.1368
runs/CZ12/SFm&1&rDXHP&Ex&dxHP_equip/RB-dxHP_equip-spltHP-SEER-BA-rDXHP-NoLRM-0%UC-AOE/instance-out.sql,CZ12,SFm,weighted,rDXHP,Ex,dxHP_equip,,RB-dxHP_equip-spltHP-SEER-BA-rDXHP-NoLRM-0%UC-AOE,SFm&1&rDXHP&Ex&dxHP_equip,RB-dxHP_equip-spltHP-SEER-BA-rDXHP-NoLRM-0%UC-AOE,43.7561,101.1314,35206.3608,81702.4719,35206.3608,6290.0154,2536.7353,1607.4422,457.71,11802.1074,0.0,552.2254,0.0,0.0,0.0,0.0,11960.1305,0.0,0.0,6290.0154,2536.7353,0.0,0.0,9457.8323,2344.2751,0.0,0.0,332.22,20717861.9626
runs/CZ13/SFm&1&rDXHP&Ex&dxHP_equip/RB-dxHP_equip-spltHP-SEER-BA-rDXHP-NoLRM-0%UC-AOE/instance-out.sql,CZ13,SFm,weighted,rDXHP,Ex,dxHP_equip,,RB-dxHP_equip-spltHP-SEER-BA-rDXHP-NoLRM-0%UC-AOE,SFm&1&rDXHP&Ex&dxHP_equip,RB-dxHP_equip-spltHP-SEER-BA-rDXHP-NoLRM-0%UC-AOE,47.8885,114.7357,38608.222,92883.1232,38608.222,5781.7701,6184.457,1607.4422,457.71,11802.1074,0.0,1009.9853,0.0,0.0,0.0,0.0,11764.75,0.0,0.0,5781.7701,6184.457,0.0,0.0,9457.8323,2344.2751,0.0,0.0,332.22,30604557.3521
runs/CZ14/SFm&1&rDXHP&Ex&dxHP_equip/RB-dxHP_equip-spltHP-SEER-BA-rDXHP-NoLRM-0%UC-AOE/instance-out.sql,CZ14,SFm,weighted,rDXHP,Ex,dxHP_equip,,RB-dxHP_equip-spltHP-SEER-BA-rDXHP-NoLRM-0%UC-AOE,SFm&1&rDXHP&Ex&dxHP_equip,RB-dxHP_equip-spltHP-SEER-BA-rDXHP-NoLRM-0%UC-AOE,46.0812,108.562,36358.0256,85883.9704,36358.0256,7674.8044,2990.1296,1583.5568,457.71,11102.1356,0.0,714.9596,0.0,0.0,0.0,0.0,11834.7284,0.0,0.0,7674.8044,2990.1296,0.0,0.0,8888.9112,2213.2244,0.0,0.0,302.52,15834992.5085
runs/CZ15/SFm&1&rDXHP&Ex&dxHP_equip/RB-dxHP_equip-spltHP-SEER-BA-rDXHP-NoLRM-0%UC-AOE/instance-out.sql,CZ15,SFm,weighted,rDXHP,Ex,dxHP_equip,,RB-dxHP_equip-spltHP-SEER-BA-rDXHP-NoLRM-0%UC-AOE,SFm&1&rDXHP&Ex&dxHP_equip,RB-dxHP_equip-spltHP-SEER-BA-rDXHP-NoLRM-0%UC-AOE,47.9356,115.7792,37864.5708,91699.528,37864.572,1672.5836,10433.3668,1583.5568,457.71,11102.1356,0.0,1281.842,0.0,0.0,0.0,0.0,11333.3672,0.0,0.0,1672.5836,10433.3668,0.0,0.0,8888.9112,2213.2244,0.0,0.0,302.52,34096047.6789
runs/CZ16/SFm&1&rDXHP&Ex&dxHP_equip/RB-dxHP_equip-spltHP-SEER-BA-rDXHP-NoLRM-0%UC-AOE/instance-out.sql,CZ16,SFm,weighted,rDXHP,Ex,dxHP_equip,,RB-dxHP_equip-spltHP-SEER-BA-rDXHP-NoLRM-0%UC-AOE,SFm&1&rDXHP&Ex&dxHP_equip,RB-dxHP_equip-spltHP-SEER-BA-rDXHP-NoLRM-0%UC-AOE,39.4693,86.9962,32060.5489,70933.7793,32060.5458,4395.0357,629.9739,1624.8134,457.71,12311.1778,0.0,390.1175,0.0,0.0,0.0,0.0,12251.7113,0.0,0.0,4395.0357,629.9739,0.0,0.0,9871.5931,2439.5847,0.0,0.0,353.82,13630363.6708
runs/CZ10/SFm&1&rDXHP&Ex&dxHP_equip/RB-dxHP_equip-spltHP-SEER-BA-rDXHP-NoLRM-0%UC-NC/instance-out.sql,CZ10,SFm,weighted,rDXHP,Ex,dxHP_equip,,RB-dxHP_equip-spltHP-SEER-BA-rDXHP-NoLRM-0%UC-NC,SFm&1&rDXHP&Ex&dxHP_equip,RB-dxHP_equip-spltHP-SEER-BA-rDXHP-NoLRM-0%UC-NC,39.8814,89.87,33003.3528,74707.2788,33003.3512,2349.0548,3234.5712,1648.6988,457.71,13011.1496,0.0,559.62,0.0,0.0,0.0,0.0,11742.5384,0.0,0.0,2349.0548,3234.5712,0.0,0.0,10440.5142,2570.6354,0.0,0.0,383.52,21405198.4307
runs/CZ11/SFm&1&rDXHP&Ex&dxHP_equip/RB-dxHP_equip-spltHP-SEER-BA-rDXHP-NoLRM-0%UC-NC/instance-out.sql,CZ11,SFm,weighted,rDXHP,Ex,dxHP_equip,,RB-dxHP_equip-spltHP-SEER-BA-rDXHP-NoLRM-0%UC-NC,SFm&1&rDXHP&Ex&dxHP_equip,RB-dxHP_equip-spltHP-SEER-BA-rDXHP-NoLRM-0%UC-NC,43.9102,101.933,35324.9694,82321.1444,35324.9694,4525.2667,4242.2513,1607.4422,457.71,11802.1074,0.0,846.7408,0.0,0.0,0.0,0.0,11843.4564,0.0,0.0,4525.2667,4242.2513,0.0,0.0,9457.8323,2344.2751,0.0,0.0,332.22,24184763.9826
runs/CZ12/SFm&1&rDXHP&Ex&dxHP_equip/RB-dxHP_equip-spltHP-SEER-BA-rDXHP-NoLRM-0%UC-NC/instance-out.sql,CZ12,SFm,weighted,rDXHP,Ex,dxHP_equip,,RB-dxHP_equip-spltHP-SEER-BA-rDXHP-NoLRM-0%UC-NC,SFm&1&rDXHP&Ex&dxHP_equip,RB-dxHP_equip-spltHP-SEER-BA-rDXHP-NoLRM-0%UC-NC,41.9383,95.3813,33719.0632,76992.201,33719.0609,5050.7268,2288.7263,1607.4422,457.71,11802.1074,0.0,552.2254,0.0,0.0,0.0,0.0,11960.1305,0.0,0.0,5050.7268,2288.7263,0.0,0.0,9457.8323,2344.2751,0.0,0.0,332.22,19476612.7788
runs/CZ13/SFm&1&rDXHP&Ex&dxHP_equip/RB-dxHP_equip-spltHP-SEER-BA-rDXHP-NoLRM-0%UC-NC/instance-out.sql,CZ13,SFm,weighted,rDXHP,Ex,dxHP_equip,,RB-dxHP_equip-spltHP-SEER-BA-rDXHP-NoLRM-0%UC-NC,SFm&1&rDXHP&Ex&dxHP_equip,RB-dxHP_equip-spltHP-SEER-BA-rDXHP-NoLRM-0%UC-NC,45.7625,107.9872,36862.6655,87354.9533,36862.6655,4640.8385,5579.8298,1607.4422,457.71,11802.1074,0.0,1009.9853,0.0,0.0,0.0,0.0,11764.75,0.0,0.0,4640.8385,5579.8298,0.0,0.0,9457.8323,2344.2751,0.0,0.0,332.22,28489178.3531
runs/CZ14/SFm&1&rDXHP&Ex&dxHP_equip/RB-dxHP_equip-spltHP-SEER-BA-rDXHP-NoLRM-0%UC-NC/instance-out.sql,CZ14,SFm,weighted,rDXHP,Ex,dxHP_equip,,RB-dxHP_equip-spltHP-SEER-BA-rDXHP-NoLRM-0%UC-NC,SFm&1&rDXHP&Ex&dxHP_equip,RB-dxHP_equip-spltHP-SEER-BA-rDXHP-NoLRM-0%UC-NC,43.8428,101.4864,34575.9328,80240.0728,34575.924,6185.0372,2697.7952,1583.5568,457.71,11102.1356,0.0,714.9596,0.0,0.0,0.0,0.0,11834.7284,0.0,0.0,6185.0372,2697.7952,0.0,0.0,8888.9112,2213.2244,0.0,0.0,302.52,15007842.5983
runs/CZ15/SFm&1&rDXHP&Ex&dxHP_equip/RB-dxHP_equip-spltHP-SEER-BA-rDXHP-NoLRM-0%UC-NC/instance-out.sql,CZ15,SFm,weighted,rDXHP,Ex,dxHP_equip,,RB-dxHP_equip-spltHP-SEER-BA-rDXHP-NoLRM-0%UC-NC,SFm&1&rDXHP&Ex&dxHP_equip,RB-dxHP_equip-spltHP-SEER-BA-rDXHP-NoLRM-0%UC-NC,46.2452,110.4096,36510.4044,87410.8804,36510.4056,1338.4344,9413.3508,1583.5568,457.71,11102.1356,0.0,1281.842,0.0,0.0,0.0,0.0,11333.3672,0.0,0.0,1338.4344,9413.3508,0.0,0.0,8888.9112,2213.2244,0.0,0.0,302.52,31637509.1718
runs/CZ16/SFm&1&rDXHP&Ex&dxHP_equip/RB-dxHP_equip-spltHP-SEER-BA-rDXHP-NoLRM-0%UC-NC/instance-out.sql,CZ16,SFm,weighted,rDXHP,Ex,dxHP_equip,,RB-dxHP_equip-spltHP-SEER-BA-rDXHP-NoLRM-0%UC-NC,SFm&1&rDXHP&Ex&dxHP_equip,RB-dxHP_equip-spltHP-SEER-BA-rDXHP-NoLRM-0%UC-NC,38.5275,84.0005,31277.2499,68453.0641,31277.2468,3673.3217,568.382,1624.8134,457.71,12311.1778,0.0,390.1175,0.0,0.0,0.0,0.0,12251.7113,0.0,0.0,3673.3217,568.382,0.0,0.0,9871.5931,2439.5847,0.0,0.0,353.82,13069532.4268
runs/CZ10/SFm&1&rDXHP&Ex&dxHP_equip/RB-dxHP_equip-spltHP-SEER-BA-rDXHP-NoLRM-0%UC-NR/instance-out.sql,CZ10,SFm,weighted,rDXHP,Ex,dxHP_equip,,RB-dxHP_equip-spltHP-SEER-BA-rDXHP-NoLRM-0%UC-NR,SFm&1&rDXHP&Ex&dxHP_equip,RB-dxHP_equip-spltHP-SEER-BA-rDXHP-NoLRM-0%UC-NR,39.8814,89.87,33003.3528,74707.2788,33003.3512,2349.0548,3234.5712,1648.6988,457.71,13011.1496,0.0,559.62,0.0,0.0,0.0,0.0,11742.5384,0.0,0.0,2349.0548,3234.5712,0.0,0.0,10440.5142,2570.6354,0.0,0.0,383.52,21405198.4307
runs/CZ11/SFm&1&rDXHP&Ex&dxHP_equip/RB-dxHP_equip-spltHP-SEER-BA-rDXHP-NoLRM-0%UC-NR/instance-out.sql,CZ11,SFm,weighted,rDXHP,Ex,dxHP_equip,,RB-dxHP_equip-spltHP-SEER-BA-rDXHP-NoLRM-0%UC-NR,SFm&1&rDXHP&Ex&dxHP_equip,RB-dxHP_equip-spltHP-SEER-BA-rDXHP-NoLRM-0%UC-NR,43.9102,101.933,35324.9694,82321.1444,35324.9694,4525.2667,4242.2513,1607.4422,457.71,11802.1074,0.0,846.7408,0.0,0.0,0.0,0.0,11843.4564,0.0,0.0,4525.2667,4242.2513,0.0,0.0,9457.8323,2344.2751,0.0,0.0,332.22,24184763.9826
runs/CZ12/SFm&1&rDXHP&Ex&dxHP_equip/RB-dxHP_equip-spltHP-SEER-BA-rDXHP-NoLRM-0%UC-NR/instance-out.sql,CZ12,SFm,weighted,rDXHP,Ex,dxHP_equip,,RB-dxHP_equip-spltHP-SEER-BA-rDXHP-NoLRM-0%UC-NR,SFm&1&rDXHP&Ex&dxHP_equip,RB-dxHP_equip-spltHP-SEER-BA-rDXHP-NoLRM-0%UC-NR,41.9383,95.3813,33719.0632,76992.201,33719.0609,5050.7268,2288.7263,1607.4422,457.71,11802.1074,0.0,552.2254,0.0,0.0,0.0,0.0,11960.1305,0.0,0.0,5050.7268,2288.7263,0.0,0.0,9457.8323,2344.2751,0.0,0.0,332.22,19476612.7788
runs/CZ13/SFm&1&rDXHP&Ex&dxHP_equip/RB-dxHP_equip-spltHP-SEER-BA-rDXHP-NoLRM-0%UC-NR/instance-out.sql,CZ13,SFm,weighted,rDXHP,Ex,dxHP_equip,,RB-dxHP_equip-spltHP-SEER-BA-rDXHP-NoLRM-0%UC-NR,SFm&1&rDXHP&Ex&dxHP_equip,RB-dxHP_equip-spltHP-SEER-BA-rDXHP-NoLRM-0%UC-NR,45.7625,107.9872,36862.6655,87354.9533,36862.6655,4640.8385,5579.8298,1607.4422,457.71,11802.1074,0.0,1009.9853,0.0,0.0,0.0,0.0,11764.75,0.0,0.0,4640.8385,5579.8298,0.0,0.0,9457.8323,2344.2751,0.0,0.0,332.22,28489178.3531
runs/CZ14/SFm&1&rDXHP&Ex&dxHP_equip/RB-dxHP_equip-spltHP-SEER-BA-rDXHP-NoLRM-0%UC-NR/instance-out.sql,CZ14,SFm,weighted,rDXHP,Ex,dxHP_equip,,RB-dxHP_equip-spltHP-SEER-BA-rDXHP-NoLRM-0%UC-NR,SFm&1&rDXHP&Ex&dxHP_equip,RB-dxHP_equip-spltHP-SEER-BA-rDXHP-NoLRM-0%UC-NR,43.8428,101.4864,34575.9328,80240.0728,34575.924,6185.0372,2697.7952,1583.5568,457.71,11102.1356,0.0,714.9596,0.0,0.0,0.0,0.0,11834.7284,0.0,0.0,6185.0372,2697.7952,0.0,0.0,8888.9112,2213.2244,0.0,0.0,302.52,15007842.5983
runs/CZ15/SFm&1&rDXHP&Ex&dxHP_equip/RB-dxHP_equip-spltHP-SEER-BA-rDXHP-NoLRM-0%UC-NR/instance-out.sql,CZ15,SFm,weighted,rDXHP,Ex,dxHP_equip,,RB-dxHP_equip-spltHP-SEER-BA-rDXHP-NoLRM-0%UC-NR,SFm&1&rDXHP&Ex&dxHP_equip,RB-dxHP_equip-spltHP-SEER-BA-rDXHP-NoLRM-0%UC-NR,46.2452,110.4096,36510.4044,87410.8804,36510.4056,1338.4344,9413.3508,1583.5568,457.71,11102.1356,0.0,1281.842,0.0,0.0,0.0,0.0,11333.3672,0.0,0.0,1338.4344,9413.3508,0.0,0.0,8888.9112,2213.2244,0.0,0.0,302.52,31637509.1718
runs/CZ16/SFm&1&rDXHP&Ex&dxHP_equip/RB-dxHP_equip-spltHP-SEER-BA-rDXHP-NoLRM-0%UC-NR/instance-out.sql,CZ16,SFm,weighted,rDXHP,Ex,dxHP_equip,,RB-dxHP_equip-spltHP-SEER-BA-rDXHP-NoLRM-0%UC-NR,SFm&1&rDXHP&Ex&dxHP_equip,RB-dxHP_equip-spltHP-SEER-BA-rDXHP-NoLRM-0%UC-NR,38.5275,84.0005,31277.2499,68453.0641,31277.2468,3673.3217,568.382,1624.8134,457.71,12311.1778,0.0,390.1175,0.0,0.0,0.0,0.0,12251.7113,0.0,0.0,3673.3217,568.382,0.0,0.0,9871.5931,2439.5847,0.0,0.0,353.82,13069532.4268
runs/CZ10/SFm&1&rDXHP&Ex&dxHP_equip/RB-dxHP_equip-spltHP-SEER-BA-rDXHP-NoLRM-15%UC-AOE/instance-out.sql,CZ10,SFm,weighted,rDXHP,Ex,dxHP_equip,,RB-dxHP_equip-spltHP-SEER-BA-rDXHP-NoLRM-15%UC-AOE,SFm&1&rDXHP&Ex&dxHP_equip,RB-dxHP_equip-spltHP-SEER-BA-rDXHP-NoLRM-15%UC-AOE,41.7596,95.8348,34599.5106,79762.3046,34599.5106,2718.32,4461.4696,1648.6988,457.71,13011.1496,0.0,559.62,0.0,0.0,0.0,0.0,11742.5384,0.0,0.0,2718.32,4461.4696,0.0,0.0,10440.5142,2570.6354,0.0,0.0,383.52,26189418.3803
runs/CZ11/SFm&1&rDXHP&Ex&dxHP_equip/RB-dxHP_equip-spltHP-SEER-BA-rDXHP-NoLRM-15%UC-AOE/instance-out.sql,CZ11,SFm,weighted,rDXHP,Ex,dxHP_equip,,RB-dxHP_equip-spltHP-SEER-BA-rDXHP-NoLRM-15%UC-AOE,SFm&1&rDXHP&Ex&dxHP_equip,RB-dxHP_equip-spltHP-SEER-BA-rDXHP-NoLRM-15%UC-AOE,46.7234,110.8453,37630.079,89621.421,37630.079,5221.2595,5851.3604,1607.4422,457.71,11802.1074,0.0,846.7408,0.0,0.0,0.0,0.0,11843.4564,0.0,0.0,5221.2595,5851.3604,0.0,0.0,9457.8323,2344.2751,0.0,0.0,332.22,30095304.6065
runs/CZ12/SFm&1&rDXHP&Ex&dxHP_equip/RB-dxHP_equip-spltHP-SEER-BA-rDXHP-NoLRM-15%UC-AOE/instance-out.sql,CZ12,SFm,weighted,rDXHP,Ex,dxHP_equip,,RB-dxHP_equip-spltHP-SEER-BA-rDXHP-NoLRM-15%UC-AOE,SFm&1&rDXHP&Ex&dxHP_equip,RB-dxHP_equip-spltHP-SEER-BA-rDXHP-NoLRM-15%UC-AOE,43.952,101.7652,35373.8783,82232.9866,35373.876,5837.4017,3156.8565,1607.4422,457.71,11802.1074,0.0,552.2254,0.0,0.0,0.0,0.0,11960.1305,0.0,0.0,5837.4017,3156.8565,0.0,0.0,9457.8323,2344.2751,0.0,0.0,332.22,23821558.0085
runs/CZ13/SFm&1&rDXHP&Ex&dxHP_equip/RB-dxHP_equip-spltHP-SEER-BA-rDXHP-NoLRM-15%UC-AOE/instance-out.sql,CZ13,SFm,weighted,rDXHP,Ex,dxHP_equip,,RB-dxHP_equip-spltHP-SEER-BA-rDXHP-NoLRM-15%UC-AOE,SFm&1&rDXHP&Ex&dxHP_equip,RB-dxHP_equip-spltHP-SEER-BA-rDXHP-NoLRM-15%UC-AOE,49.2258,118.9551,39703.3726,96351.4837,39703.3803,5365.0872,7696.2982,1607.4422,457.71,11802.1074,0.0,1009.9853,0.0,0.0,0.0,0.0,11764.75,0.0,0.0,5365.0872,7696.2982,0.0,0.0,9457.8323,2344.2751,0.0,0.0,332.22,35893981.5227
runs/CZ14/SFm&1&rDXHP&Ex&dxHP_equip/RB-dxHP_equip-spltHP-SEER-BA-rDXHP-NoLRM-15%UC-AOE/instance-out.sql,CZ14,SFm,weighted,rDXHP,Ex,dxHP_equip,,RB-dxHP_equip-spltHP-SEER-BA-rDXHP-NoLRM-15%UC-AOE,SFm&1&rDXHP&Ex&dxHP_equip,RB-dxHP_equip-spltHP-SEER-BA-rDXHP-NoLRM-15%UC-AOE,46.3072,109.286,36544.8952,86475.8048,36544.8952,7130.7128,3721.092,1583.5568,457.71,11102.1356,0.0,714.9596,0.0,0.0,0.0,0.0,11834.7284,0.0,0.0,7130.7128,3721.092,0.0,0.0,8888.9112,2213.2244,0.0,0.0,302.52,17903249.18
runs/CZ15/SFm&1&rDXHP&Ex&dxHP_equip/RB-dxHP_equip-spltHP-SEER-BA-rDXHP-NoLRM-15%UC-AOE/instance-out.sql,CZ15,SFm,weighted,rDXHP,Ex,dxHP_equip,,RB-dxHP_equip-spltHP-SEER-BA-rDXHP-NoLRM-15%UC-AOE,SFm&1&rDXHP&Ex&dxHP_equip,RB-dxHP_equip-spltHP-SEER-BA-rDXHP-NoLRM-15%UC-AOE,50.9812,125.4232,40293.0576,99390.5588,40293.0588,1550.548,12983.898,1583.5568,457.71,11102.1356,0.0,1281.842,0.0,0.0,0.0,0.0,11333.3672,0.0,0.0,1550.548,12983.898,0.0,0.0,8888.9112,2213.2244,0.0,0.0,302.52,40243529.0568
runs/CZ16/SFm&1&rDXHP&Ex&dxHP_equip/RB-dxHP_equip-spltHP-SEER-BA-rDXHP-NoLRM-15%UC-AOE/instance-out.sql,CZ16,SFm,weighted,rDXHP,Ex,dxHP_equip,,RB-dxHP_equip-spltHP-SEER-BA-rDXHP-NoLRM-15%UC-AOE,SFm&1&rDXHP&Ex&dxHP_equip,RB-dxHP_equip-spltHP-SEER-BA-rDXHP-NoLRM-15%UC-AOE,39.3376,86.578,31950.9645,70586.7383,31950.9645,4131.4519,783.9795,1624.8134,457.71,12311.1778,0.0,390.1175,0.0,0.0,0.0,0.0,12251.7113,0.0,0.0,4131.4519,783.9795,0.0,0.0,9871.5931,2439.5847,0.0,0.0,353.82,15032700.7171
runs/CZ10/SFm&1&rDXHP&Ex&dxHP_equip/RB-dxHP_equip-spltHP-SEER-BA-rDXHP-NoLRM-22.5%UC-AOE/instance-out.sql,CZ10,SFm,weighted,rDXHP,Ex,dxHP_equip,,RB-dxHP_equip-spltHP-SEER-BA-rDXHP-NoLRM-22.5%UC-AOE,SFm&1&rDXHP&Ex&dxHP_equip,RB-dxHP_equip-spltHP-SEER-BA-rDXHP-NoLRM-22.5%UC-AOE,42.084,96.8548,34873.4452,80629.8538,34873.4452,2554.0496,4899.6704,1648.6988,457.71,13011.1496,0.0,559.62,0.0,0.0,0.0,0.0,11742.5384,0.0,0.0,2554.0496,4899.6704,0.0,0.0,10440.5142,2570.6354,0.0,0.0,383.52,27898158.5128
runs/CZ11/SFm&1&rDXHP&Ex&dxHP_equip/RB-dxHP_equip-spltHP-SEER-BA-rDXHP-NoLRM-22.5%UC-AOE/instance-out.sql,CZ11,SFm,weighted,rDXHP,Ex,dxHP_equip,,RB-dxHP_equip-spltHP-SEER-BA-rDXHP-NoLRM-22.5%UC-AOE,SFm&1&rDXHP&Ex&dxHP_equip,RB-dxHP_equip-spltHP-SEER-BA-rDXHP-NoLRM-22.5%UC-AOE,47.0477,111.862,37895.1825,90460.9925,37895.1825,4911.6461,6426.075,1607.4422,457.71,11802.1074,0.0,846.7408,0.0,0.0,0.0,0.0,11843.4564,0.0,0.0,4911.6461,6426.075,0.0,0.0,9457.8323,2344.2751,0.0,0.0,332.22,32206323.3463
runs/CZ12/SFm&1&rDXHP&Ex&dxHP_equip/RB-dxHP_equip-spltHP-SEER-BA-rDXHP-NoLRM-22.5%UC-AOE/instance-out.sql,CZ12,SFm,weighted,rDXHP,Ex,dxHP_equip,,RB-dxHP_equip-spltHP-SEER-BA-rDXHP-NoLRM-22.5%UC-AOE,SFm&1&rDXHP&Ex&dxHP_equip,RB-dxHP_equip-spltHP-SEER-BA-rDXHP-NoLRM-22.5%UC-AOE,43.9066,101.6067,35333.9804,82106.6426,35333.9804,5487.4505,3466.9221,1607.4422,457.71,11802.1074,0.0,552.2254,0.0,0.0,0.0,0.0,11960.1305,0.0,0.0,5487.4505,3466.9221,0.0,0.0,9457.8323,2344.2751,0.0,0.0,332.22,25373406.0351
runs/CZ13/SFm&1&rDXHP&Ex&dxHP_equip/RB-dxHP_equip-spltHP-SEER-BA-rDXHP-NoLRM-22.5%UC-AOE/instance-out.sql,CZ13,SFm,weighted,rDXHP,Ex,dxHP_equip,,RB-dxHP_equip-spltHP-SEER-BA-rDXHP-NoLRM-22.5%UC-AOE,SFm&1&rDXHP&Ex&dxHP_equip,RB-dxHP_equip-spltHP-SEER-BA-rDXHP-NoLRM-22.5%UC-AOE,49.7484,120.6236,40137.1132,97725.1312,40137.1155,5042.8995,8452.2188,1607.4422,457.71,11802.1074,0.0,1009.9853,0.0,0.0,0.0,0.0,11764.75,0.0,0.0,5042.8995,8452.2188,0.0,0.0,9457.8323,2344.2751,0.0,0.0,332.22,38538693.6142
runs/CZ14/SFm&1&rDXHP&Ex&dxHP_equip/RB-dxHP_equip-spltHP-SEER-BA-rDXHP-NoLRM-22.5%UC-AOE/instance-out.sql,CZ14,SFm,weighted,rDXHP,Ex,dxHP_equip,,RB-dxHP_equip-spltHP-SEER-BA-rDXHP-NoLRM-22.5%UC-AOE,SFm&1&rDXHP&Ex&dxHP_equip,RB-dxHP_equip-spltHP-SEER-BA-rDXHP-NoLRM-22.5%UC-AOE,46.2368,109.0572,36489.6912,86300.96,36489.69,6710.022,4086.5776,1583.5568,457.71,11102.1356,0.0,714.9596,0.0,0.0,0.0,0.0,11834.7284,0.0,0.0,6710.022,4086.5776,0.0,0.0,8888.9112,2213.2244,0.0,0.0,302.52,18937377.5182
runs/CZ15/SFm&1&rDXHP&Ex&dxHP_equip/RB-dxHP_equip-spltHP-SEER-BA-rDXHP-NoLRM-22.5%UC-AOE/instance-out.sql,CZ15,SFm,weighted,rDXHP,Ex,dxHP_equip,,RB-dxHP_equip-spltHP-SEER-BA-rDXHP-NoLRM-22.5%UC-AOE,SFm&1&rDXHP&Ex&dxHP_equip,RB-dxHP_equip-spltHP-SEER-BA-rDXHP-NoLRM-22.5%UC-AOE,52.458,130.106,41473.9664,103130.4828,41473.9664,1456.1824,14259.1636,1583.5568,457.71,11102.1356,0.0,1281.842,0.0,0.0,0.0,0.0,11333.3672,0.0,0.0,1456.1824,14259.1636,0.0,0.0,8888.9112,2213.2244,0.0,0.0,302.52,43317269.753
runs/CZ16/SFm&1&rDXHP&Ex&dxHP_equip/RB-dxHP_equip-spltHP-SEER-BA-rDXHP-NoLRM-22.5%UC-AOE/instance-out.sql,CZ16,SFm,weighted,rDXHP,Ex,dxHP_equip,,RB-dxHP_equip-spltHP-SEER-BA-rDXHP-NoLRM-22.5%UC-AOE,SFm&1&rDXHP&Ex&dxHP_equip,RB-dxHP_equip-spltHP-SEER-BA-rDXHP-NoLRM-22.5%UC-AOE,39.1866,86.0857,31824.1685,70185.1696,31824.1685,3927.6531,860.9792,1624.8134,457.71,12311.1778,0.0,390.1175,0.0,0.0,0.0,0.0,12251.7113,0.0,0.0,3927.6531,860.9792,0.0,0.0,9871.5931,2439.5847,0.0,0.0,353.82,15733869.2419
runs/CZ10/SFm&1&rDXHP&Ex&dxHP_equip/RB-dxHP_equip-spltHP-SEER-BA-rDXHP-NoLRM-30%UC-AOE/instance-out.sql,CZ10,SFm,weighted,rDXHP,Ex,dxHP_equip,,RB-dxHP_equip-spltHP-SEER-BA-rDXHP-NoLRM-30%UC-AOE,SFm&1&rDXHP&Ex&dxHP_equip,RB-dxHP_equip-spltHP-SEER-BA-rDXHP-NoLRM-30%UC-AOE,42.4084,97.879,35147.3756,81497.3988,35147.3798,2389.7834,5337.8754,1648.6988,457.71,13011.1496,0.0,559.62,0.0,0.0,0.0,0.0,11742.5384,0.0,0.0,2389.7834,5337.8754,0.0,0.0,10440.5142,2570.6354,0.0,0.0,383.52,29606898.6339
runs/CZ11/SFm&1&rDXHP&Ex&dxHP_equip/RB-dxHP_equip-spltHP-SEER-BA-rDXHP-NoLRM-30%UC-AOE/instance-out.sql,CZ11,SFm,weighted,rDXHP,Ex,dxHP_equip,,RB-dxHP_equip-spltHP-SEER-BA-rDXHP-NoLRM-30%UC-AOE,SFm&1&rDXHP&Ex&dxHP_equip,RB-dxHP_equip-spltHP-SEER-BA-rDXHP-NoLRM-30%UC-AOE,47.372,112.881,38160.276,91300.5563,38160.276,4602.0327,7000.7919,1607.4422,457.71,11802.1074,0.0,846.7408,0.0,0.0,0.0,0.0,11843.4564,0.0,0.0,4602.0327,7000.7919,0.0,0.0,9457.8323,2344.2751,0.0,0.0,332.22,34317342.072
runs/CZ12/SFm&1&rDXHP&Ex&dxHP_equip/RB-dxHP_equip-spltHP-SEER-BA-rDXHP-NoLRM-30%UC-AOE/instance-out.sql,CZ12,SFm,weighted,rDXHP,Ex,dxHP_equip,,RB-dxHP_equip-spltHP-SEER-BA-rDXHP-NoLRM-30%UC-AOE,SFm&1&rDXHP&Ex&dxHP_equip,RB-dxHP_equip-spltHP-SEER-BA-rDXHP-NoLRM-30%UC-AOE,43.8589,101.4405,35294.0848,81980.2909,35294.0825,5137.4893,3776.9854,1607.4422,457.71,11802.1074,0.0,552.2254,0.0,0.0,0.0,0.0,11960.1305,0.0,0.0,5137.4893,3776.9854,0.0,0.0,9457.8323,2344.2751,0.0,0.0,332.22,26925254.0513
runs/CZ13/SFm&1&rDXHP&Ex&dxHP_equip/RB-dxHP_equip-spltHP-SEER-BA-rDXHP-NoLRM-30%UC-AOE/instance-out.sql,CZ13,SFm,weighted,rDXHP,Ex,dxHP_equip,,RB-dxHP_equip-spltHP-SEER-BA-rDXHP-NoLRM-30%UC-AOE,SFm&1&rDXHP&Ex&dxHP_equip,RB-dxHP_equip-spltHP-SEER-BA-rDXHP-NoLRM-30%UC-AOE,50.2787,122.2998,40570.8561,99098.7864,40570.8561,4720.7195,9208.1417,1607.4422,457.71,11802.1074,0.0,1009.9853,0.0,0.0,0.0,0.0,11764.75,0.0,0.0,4720.7195,9208.1417,0.0,0.0,9457.8323,2344.2751,0.0,0.0,332.22,41183405.6881
runs/CZ14/SFm&1&rDXHP&Ex&dxHP_equip/RB-dxHP_equip-spltHP-SEER-BA-rDXHP-NoLRM-30%UC-AOE/instance-out.sql,CZ14,SFm,weighted,rDXHP,Ex,dxHP_equip,,RB-dxHP_equip-spltHP-SEER-BA-rDXHP-NoLRM-30%UC-AOE,SFm&1&rDXHP&Ex&dxHP_equip,RB-dxHP_equip-spltHP-SEER-BA-rDXHP-NoLRM-30%UC-AOE,46.1664,108.8384,36434.486,86126.1252,36434.486,6289.34,4452.0544,1583.5568,457.71,11102.1356,0.0,714.9596,0.0,0.0,0.0,0.0,11834.7284,0.0,0.0,6289.34,4452.0544,0.0,0.0,8888.9112,2213.2244,0.0,0.0,302.52,19971505.8496
runs/CZ15/SFm&1&rDXHP&Ex&dxHP_equip/RB-dxHP_equip-spltHP-SEER-BA-rDXHP-NoLRM-30%UC-AOE/instance-out.sql,CZ15,SFm,weighted,rDXHP,Ex,dxHP_equip,,RB-dxHP_equip-spltHP-SEER-BA-rDXHP-NoLRM-30%UC-AOE,SFm&1&rDXHP&Ex&dxHP_equip,RB-dxHP_equip-spltHP-SEER-BA-rDXHP-NoLRM-30%UC-AOE,53.9448,134.79,42654.874,106870.408,42654.874,1361.8244,15534.4204,1583.5568,457.71,11102.1356,0.0,1281.842,0.0,0.0,0.0,0.0,11333.3672,0.0,0.0,1361.8244,15534.4204,0.0,0.0,8888.9112,2213.2244,0.0,0.0,302.52,46391010.4288
runs/CZ16/SFm&1&rDXHP&Ex&dxHP_equip/RB-dxHP_equip-spltHP-SEER-BA-rDXHP-NoLRM-30%UC-AOE/instance-out.sql,CZ16,SFm,weighted,rDXHP,Ex,dxHP_equip,,RB-dxHP_equip-spltHP-SEER-BA-rDXHP-NoLRM-30%UC-AOE,SFm&1&rDXHP&Ex&dxHP_equip,RB-dxHP_equip-spltHP-SEER-BA-rDXHP-NoLRM-30%UC-AOE,39.0325,85.6034,31697.3725,69783.6009,31697.3694,3723.8543,937.982,1624.8134,457.71,12311.1778,0.0,390.1175,0.0,0.0,0.0,0.0,12251.7113,0.0,0.0,3723.8543,937.982,0.0,0.0,9871.5931,2439.5847,0.0,0.0,353.82,16435037.7621
runs/CZ10/SFm&1&rDXHP&Ex&dxHP_equip/RB-dxHP_equip-spltHP-SEER-BA-rDXHP-NoLRM-40%UC-AOE/instance-out.sql,CZ10,SFm,weighted,rDXHP,Ex,dxHP_equip,,RB-dxHP_equip-spltHP-SEER-BA-rDXHP-NoLRM-40%UC-AOE,SFm&1&rDXHP&Ex&dxHP_equip,RB-dxHP_equip-spltHP-SEER-BA-rDXHP-NoLRM-40%UC-AOE,42.839,99.236,35512.617,82654.1288,35512.6212,2170.762,5922.144,1648.6988,457.71,13011.1496,0.0,559.62,0.0,0.0,0.0,0.0,11742.5384,0.0,0.0,2170.762,5922.144,0.0,0.0,10440.5142,2570.6354,0.0,0.0,383.52,31885218.8084
runs/CZ11/SFm&1&rDXHP&Ex&dxHP_equip/RB-dxHP_equip-spltHP-SEER-BA-rDXHP-NoLRM-40%UC-AOE/instance-out.sql,CZ11,SFm,weighted,rDXHP,Ex,dxHP_equip,,RB-dxHP_equip-spltHP-SEER-BA-rDXHP-NoLRM-40%UC-AOE,SFm&1&rDXHP&Ex&dxHP_equip,RB-dxHP_equip-spltHP-SEER-BA-rDXHP-NoLRM-40%UC-AOE,47.7985,114.2389,38513.744,92419.9783,38513.744,4189.2115,7767.0788,1607.4422,457.71,11802.1074,0.0,846.7408,0.0,0.0,0.0,0.0,11843.4564,0.0,0.0,4189.2115,7767.0788,0.0,0.0,9457.8323,2344.2751,0.0,0.0,332.22,37132033.7224
runs/CZ12/SFm&1&rDXHP&Ex&dxHP_equip/RB-dxHP_equip-spltHP-SEER-BA-rDXHP-NoLRM-40%UC-AOE/instance-out.sql,CZ12,SFm,weighted,rDXHP,Ex,dxHP_equip,,RB-dxHP_equip-spltHP-SEER-BA-rDXHP-NoLRM-40%UC-AOE,SFm&1&rDXHP&Ex&dxHP_equip,RB-dxHP_equip-spltHP-SEER-BA-rDXHP-NoLRM-40%UC-AOE,43.7858,101.2343,35240.8917,81811.8271,35240.8917,4670.8777,4190.4039,1607.4422,457.71,11802.1074,0.0,552.2254,0.0,0.0,0.0,0.0,11960.1305,0.0,0.0,4670.8777,4190.4039,0.0,0.0,9457.8323,2344.2751,0.0,0.0,332.22,28994384.7514
runs/CZ13/SFm&1&rDXHP&Ex&dxHP_equip/RB-dxHP_equip-spltHP-SEER-BA-rDXHP-NoLRM-40%UC-AOE/instance-out.sql,CZ13,SFm,weighted,rDXHP,Ex,dxHP_equip,,RB-dxHP_equip-spltHP-SEER-BA-rDXHP-NoLRM-40%UC-AOE,SFm&1&rDXHP&Ex&dxHP_equip,RB-dxHP_equip-spltHP-SEER-BA-rDXHP-NoLRM-40%UC-AOE,50.9796,124.5201,41149.1769,100930.3282,41149.1769,4291.1454,10216.0366,1607.4422,457.71,11802.1074,0.0,1009.9853,0.0,0.0,0.0,0.0,11764.75,0.0,0.0,4291.1454,10216.0366,0.0,0.0,9457.8323,2344.2751,0.0,0.0,332.22,44709688.4734
runs/CZ14/SFm&1&rDXHP&Ex&dxHP_equip/RB-dxHP_equip-spltHP-SEER-BA-rDXHP-NoLRM-40%UC-AOE/instance-out.sql,CZ14,SFm,weighted,rDXHP,Ex,dxHP_equip,,RB-dxHP_equip-spltHP-SEER-BA-rDXHP-NoLRM-40%UC-AOE,SFm&1&rDXHP&Ex&dxHP_equip,RB-dxHP_equip-spltHP-SEER-BA-rDXHP-NoLRM-40%UC-AOE,46.0696,108.5316,36360.8828,85893.0084,36360.874,5728.4264,4939.366,1583.5568,457.71,11102.1356,0.0,714.9596,0.0,0.0,0.0,0.0,11834.7284,0.0,0.0,5728.4264,4939.366,0.0,0.0,8888.9112,2213.2244,0.0,0.0,302.52,21350343.6325
runs/CZ15/SFm&1&rDXHP&Ex&dxHP_equip/RB-dxHP_equip-spltHP-SEER-BA-rDXHP-NoLRM-40%UC-AOE/instance-out.sql,CZ15,SFm,weighted,rDXHP,Ex,dxHP_equip,,RB-dxHP_equip-spltHP-SEER-BA-rDXHP-NoLRM-40%UC-AOE,SFm&1&rDXHP&Ex&dxHP_equip,RB-dxHP_equip-spltHP-SEER-BA-rDXHP-NoLRM-40%UC-AOE,55.9176,141.0404,44229.412,111856.9804,44229.412,1236.02,17234.7704,1583.5568,457.71,11102.1356,0.0,1281.842,0.0,0.0,0.0,0.0,11333.3672,0.0,0.0,1236.02,17234.7704,0.0,0.0,8888.9112,2213.2244,0.0,0.0,302.52,50489331.3531
runs/CZ16/SFm&1&rDXHP&Ex&dxHP_equip/RB-dxHP_equip-spltHP-SEER-BA-rDXHP-NoLRM-40%UC-AOE/instance-out.sql,CZ16,SFm,weighted,rDXHP,Ex,dxHP_equip,,RB-dxHP_equip-spltHP-SEER-BA-rDXHP-NoLRM-40%UC-AOE,SFm&1&rDXHP&Ex&dxHP_equip,RB-dxHP_equip-spltHP-SEER-BA-rDXHP-NoLRM-40%UC-AOE,38.8222,84.947,31528.3068,69248.1693,31528.3068,3452.1205,1040.6501,1624.8134,457.71,12311.1778,0.0,390.1175,0.0,0.0,0.0,0.0,12251.7113,0.0,0.0,3452.1205,1040.6501,0.0,0.0,9871.5931,2439.5847,0.0,0.0,353.82,17369929.1276
runs/CZ10/SFm&1&rDXHP&Ex&dxHP_equip/RB-dxHP_equip-spltHP-SEER-BA-rDXHP-NoLRM-7.5%UC-AOE/instance-out.sql,CZ10,SFm,weighted,rDXHP,Ex,dxHP_equip,,RB-dxHP_equip-spltHP-SEER-BA-rDXHP-NoLRM-7.5%UC-AOE,SFm&1&rDXHP&Ex&dxHP_equip,RB-dxHP_equip-spltHP-SEER-BA-rDXHP-NoLRM-7.5%UC-AOE,41.4394,94.8164,34325.576,78894.7596,34325.5802,2882.5846,4023.2688,1648.6988,457.71,13011.1496,0.0,559.62,0.0,0.0,0.0,0.0,11742.5384,0.0,0.0,2882.5846,4023.2688,0.0,0.0,10440.5142,2570.6354,0.0,0.0,383.52,24480678.249
runs/CZ11/SFm&1&rDXHP&Ex&dxHP_equip/RB-dxHP_equip-spltHP-SEER-BA-rDXHP-NoLRM-7.5%UC-AOE/instance-out.sql,CZ11,SFm,weighted,rDXHP,Ex,dxHP_equip,,RB-dxHP_equip-spltHP-SEER-BA-rDXHP-NoLRM-7.5%UC-AOE,SFm&1&rDXHP&Ex&dxHP_equip,RB-dxHP_equip-spltHP-SEER-BA-rDXHP-NoLRM-7.5%UC-AOE,46.4091,109.8263,37364.9855,88781.8572,37364.9855,5530.8806,5276.6512,1607.4422,457.71,11802.1074,0.0,846.7408,0.0,0.0,0.0,0.0,11843.4564,0.0,0.0,5530.8806,5276.6512,0.0,0.0,9457.8323,2344.2751,0.0,0.0,332.22,27984285.8682
runs/CZ12/SFm&1&rDXHP&Ex&dxHP_equip/RB-dxHP_equip-spltHP-SEER-BA-rDXHP-NoLRM-7.5%UC-AOE/instance-out.sql,CZ12,SFm,weighted,rDXHP,Ex,dxHP_equip,,RB-dxHP_equip-spltHP-SEER-BA-rDXHP-NoLRM-7.5%UC-AOE,SFm&1&rDXHP&Ex&dxHP_equip,RB-dxHP_equip-spltHP-SEER-BA-rDXHP-NoLRM-7.5%UC-AOE,44.0074,101.9237,35413.7739,82359.3383,35413.7739,6187.3629,2846.7932,1607.4422,457.71,11802.1074,0.0,552.2254,0.0,0.0,0.0,0.0,11960.1305,0.0,0.0,6187.3629,2846.7932,0.0,0.0,9457.8323,2344.2751,0.0,0.0,332.22,22269709.983
runs/CZ13/SFm&1&rDXHP&Ex&dxHP_equip/RB-dxHP_equip-spltHP-SEER-BA-rDXHP-NoLRM-7.5%UC-AOE/instance-out.sql,CZ13,SFm,weighted,rDXHP,Ex,dxHP_equip,,RB-dxHP_equip-spltHP-SEER-BA-rDXHP-NoLRM-7.5%UC-AOE,SFm&1&rDXHP&Ex&dxHP_equip,RB-dxHP_equip-spltHP-SEER-BA-rDXHP-NoLRM-7.5%UC-AOE,48.6932,117.2843,39269.632,94977.8262,39269.6397,5687.2649,6940.3776,1607.4422,457.71,11802.1074,0.0,1009.9853,0.0,0.0,0.0,0.0,11764.75,0.0,0.0,5687.2649,6940.3776,0.0,0.0,9457.8323,2344.2751,0.0,0.0,332.22,33249269.433
runs/CZ14/SFm&1&rDXHP&Ex&dxHP_equip/RB-dxHP_equip-spltHP-SEER-BA-rDXHP-NoLRM-7.5%UC-AOE/instance-out.sql,CZ14,SFm,weighted,rDXHP,Ex,dxHP_equip,,RB-dxHP_equip-spltHP-SEER-BA-rDXHP-NoLRM-7.5%UC-AOE,SFm&1&rDXHP&Ex&dxHP_equip,RB-dxHP_equip-spltHP-SEER-BA-rDXHP-NoLRM-7.5%UC-AOE,46.3852,109.5136,36600.1004,86650.6396,36600.1004,7551.4024,3355.6152,1583.5568,457.71,11102.1356,0.0,714.9596,0.0,0.0,0.0,0.0,11834.7284,0.0,0.0,7551.4024,3355.6152,0.0,0.0,8888.9112,2213.2244,0.0,0.0,302.52,16869120.8425
runs/CZ15/SFm&1&rDXHP&Ex&dxHP_equip/RB-dxHP_equip-spltHP-SEER-BA-rDXHP-NoLRM-7.5%UC-AOE/instance-out.sql,CZ15,SFm,weighted,rDXHP,Ex,dxHP_equip,,RB-dxHP_equip-spltHP-SEER-BA-rDXHP-NoLRM-7.5%UC-AOE,SFm&1&rDXHP&Ex&dxHP_equip,RB-dxHP_equip-spltHP-SEER-BA-rDXHP-NoLRM-7.5%UC-AOE,49.5044,120.7304,39112.1588,95650.6336,39112.1588,1644.906,11708.6324,1583.5568,457.71,11102.1356,0.0,1281.842,0.0,0.0,0.0,0.0,11333.3672,0.0,0.0,1644.906,11708.6324,0.0,0.0,8888.9112,2213.2244,0.0,0.0,302.52,37169788.3628
runs/CZ16/SFm&1&rDXHP&Ex&dxHP_equip/RB-dxHP_equip-spltHP-SEER-BA-rDXHP-NoLRM-7.5%UC-AOE/instance-out.sql,CZ16,SFm,weighted,rDXHP,Ex,dxHP_equip,,RB-dxHP_equip-spltHP-SEER-BA-rDXHP-NoLRM-7.5%UC-AOE,SFm&1&rDXHP&Ex&dxHP_equip,RB-dxHP_equip-spltHP-SEER-BA-rDXHP-NoLRM-7.5%UC-AOE,39.4917,87.0603,32077.7705,70988.3139,32077.7605,4335.2507,706.9767,1624.8134,457.71,12311.1778,0.0,390.1175,0.0,0.0,0.0,0.0,12251.7113,0.0,0.0,4335.2507,706.9767,0.0,0.0,9871.5931,2439.5847,0.0,0.0,353.82,14331532.1928
